id;nome;sigla;categoria;distrito;bairro;endereco;cep;predio_sala;telefone;email;horario_funcionamento;lat;lon;hub_id;hub_nome;servicos;descricao
rec_353;CRAS Centenário;CRAS;Assistência Social (SEASDIH);1;Centenário;Rua Manoel Vieira, s/nº (Complexo de Assistência Social);25030-000;;(21) 2673-4422;cras.centenario@duquedecaxias.rj.gov.br;Segunda a sexta-feira, das 8h às 17h;-22.782;-43.315;hub_1;Centro Cívico / Paço Municipal (Prefeitura);;Garante a proteção social básica, CadÚnico e suporte preventivo continuado às famílias moradoras do bairro Centenário.
rec_354;CRAS Beira Mar;CRAS;Assistência Social (SEASDIH);1;Parque Beira Mar;Rua Francisco Alves, s/nº;25085-000;;(21) 2772-8811;cras.beiramar@duquedecaxias.rj.gov.br;Segunda a sexta-feira, das 8h às 17h;-22.799;-43.295;;;;Unidade pública descentralizada da proteção social básica do SUAS, responsável pela prevenção de vulnerabilidades e pelo fortalecimento de vínculos familiares no bairro Beira Mar.
rec_355;CRAS Gramacho;CRAS;Assistência Social (SEASDIH);1;Centro / Gramacho;Avenida Presidente Kennedy, nº 2327;25010-001;;(21) 2672-6650;cras.gramacho@duquedecaxias.rj.gov.br;Segunda a sexta-feira, das 8h às 17h;-22.782;-43.301;;;;Desenvolve ações de proteção social básica voltadas ao acolhimento e à promoção social das famílias no Gramacho.
rec_356;CRAS Jardim Gramacho;CRAS;Assistência Social (SEASDIH);1;Jardim Gramacho;Avenida Pistóia, s/nº (próximo ao CIEP 218);25055-120;;(21) 2671-5588;cras.jdgramacho@duquedecaxias.rj.gov.br;Segunda a sexta-feira, das 8h às 17h;-22.775;-43.29;;;;Atua ativamente prestando assistência social básica e CadÚnico para a população em risco social de Jardim Gramacho.
rec_357;CRAS Maria José;CRAS;Assistência Social (SEASDIH);1;Engenho do Porto;Rua Pinto Lira, s/nº;25020-000;;(21) 2671-1199;cras.mariajose@duquedecaxias.rj.gov.br;Segunda a sexta-feira, das 8h às 17h;-22.79;-43.31;;;;Presta assistência básica e acolhimento para superação de vulnerabilidades sociais no bairro Engenho do Porto e arredores.
rec_358;CRAS Figueira;CRAS;Assistência Social (SEASDIH);2;Figueira;Av. Washington Luiz, s/nº (próximo à E.M. Walter Russo);25230-000;;(21) 2776-5544;cras.figueira@duquedecaxias.rj.gov.br;Segunda a sexta-feira, das 8h às 17h;-22.73;-43.26;;;;Unidade de assistência básica para prevenção de riscos sociais e apoio às famílias no bairro da Figueira, por meio de acolhimento e inserção em programas sociais.
rec_359;CRAS Jardim Primavera;CRAS;Assistência Social (SEASDIH);2;Jardim Primavera;Av. Marquês de Baependi, s/nº;25215-260;;(21) 2773-4499;cras.jdprimavera@duquedecaxias.rj.gov.br;Segunda a sexta-feira, das 8h às 17h;-22.685;-43.284;;;;Presta atendimento socioassistencial continuado focado na proteção social básica em Jardim Primavera.
rec_360;CRAS Pilar;CRAS;Assistência Social (SEASDIH);2;Pilar;Av. Presidente Kennedy, Lote 10, Quadra 46;25233-000;;(21) 2776-3399;cras.pilar@duquedecaxias.rj.gov.br;Segunda a sexta-feira, das 8h às 17h;-22.725;-43.265;;;;Unidade socioassistencial de proteção social básica do SUAS voltada ao acolhimento dos moradores do bairro Pilar.
rec_361;CRAS Imbariê;CRAS;Assistência Social (SEASDIH);3;Imbariê;Rua Goindira, nº 54;25266-000;;(21) 2778-5544;cras.imbarie@duquedecaxias.rj.gov.br;Segunda a sexta-feira, das 8h às 17h;-22.645;-43.25;;;;Oferece acolhimento inicial, orientação sobre benefícios federais/municipais e oficinas de fortalecimento familiar no bairro de Imbariê.
rec_362;CRAS Parada Angélica;CRAS;Assistência Social (SEASDIH);3;Parada Angélica;Rua Florianinho, s/nº;25272-560;;(21) 2778-9988;cras.paradaangelica@duquedecaxias.rj.gov.br;Segunda a sexta-feira, das 8h às 17h;-22.635;-43.24;;;;Espaço de proteção social básica em Parada Angélica, prestando serviços essenciais do Cadastro Único e acompanhamento às famílias.
rec_363;CRAS Parada Morabi;CRAS;Assistência Social (SEASDIH);3;Jardim Anhangá;Avenida Vitória, s/nº;25266-000;;(21) 2778-7711;cras.morabi@duquedecaxias.rj.gov.br;Segunda a sexta-feira, das 8h às 17h;-22.65;-43.245;;;;Atuação local descentralizada na região de Parada Morabi / Jardim Anhangá, com foco na superação de vulnerabilidade social e fortalecimento familiar.
rec_364;CRAS Vila Maria Helena;CRAS;Assistência Social (SEASDIH);2;Vila Maria Helena;Rua Antenor Resende, nº 100;25260-000;;(21) 2675-8822;cras.mariahelena@duquedecaxias.rj.gov.br;Segunda a sexta-feira, das 8h às 17h;-22.655;-43.255;;;;Garante o acesso aos serviços socioassistenciais do SUAS, promovendo prevenção social para as famílias do bairro Maria Helena.
rec_365;CRAS Xerém;CRAS;Assistência Social (SEASDIH);4;Vila Nossa Senhora das Graças;Av. Nóbrega Ribeiro, nº 15;25272-560;;(21) 3658-4411;cras.xerem@duquedecaxias.rj.gov.br;Segunda a sexta-feira, das 8h às 17h;-22.585;-43.31;;;;Polo descentralizado em Xerém para garantir assistência social básica, CadÚnico e suporte preventivo à comunidade local.
rec_366;CREAS Centenário;CREAS;Assistência Social (SEASDIH);1;Centenário;Rua Manoel Vieira, s/nº (Complexo de Assistência Social);25030-000;;(21) 2673-4455;creas.centenario@duquedecaxias.rj.gov.br;Segunda a sexta-feira, das 8h às 17h;-22.782;-43.315;hub_1;Centro Cívico / Paço Municipal (Prefeitura);;Unidade pública especializada de proteção social de média complexidade, voltada a famílias e indivíduos com direitos violados no Centenário.
rec_367;CREAS Figueira;CREAS;Assistência Social (SEASDIH);2;Figueira;Estrada Velha do Pilar, s/nº;25233-000;;(21) 2776-8800;creas.figueira@duquedecaxias.rj.gov.br;Segunda a sexta-feira, das 8h às 17h;-22.73;-43.26;;;;Desenvolve ações de proteção especial voltadas a apoiar psicossocialmente pessoas e famílias que sofreram violência física, abuso ou negligência.
rec_368;CREAS Vila Maria Helena;CREAS;Assistência Social (SEASDIH);2;Vila Maria Helena;Rua Antenor Resende, nº 100;25260-000;;(21) 2675-9933;creas.mariahelena@duquedecaxias.rj.gov.br;Segunda a sexta-feira, das 8h às 17h;-22.655;-43.255;;;;Unidade especializada da rede SUAS focada no suporte a indivíduos em situação de risco ou com direitos violados no bairro Vila Maria Helena.
rec_369;CREAS Parada Angélica;;Assistência Social (SEASDIH);3;Parada Angélica;Rua Florianinho, s/nº;25272-560;;(21) 2778-3344;creas.paradaangelica@duquedecaxias.rj.gov.br;Segunda a sexta-feira, das 09h às 17h;-22.635;-43.24;;;;Equipamento público oficial da Prefeitura Municipal de Duque de Caxias vinculado ao setor de Assistência Social (SEASDIH).
rec_370;Casa da Mulher Caxiense;Casa da Mulher;Assistência Social (SEASDIH);2;Jardim Primavera;Alameda Rui Barbosa, Lote 8, Quadra 17;25215-260;;(21) 2773-6300;mulhercaxiense@duquedecaxias.rj.gov.br;Segunda a sexta-feira, das 9h às 17h;-22.686;-43.2845;;;;Instituição municipal que desenvolve o empoderamento feminino e acolhimento socioassistencial, fornecendo oficinas e apoio terapêutico.
rec_371;CEAM Vera Lúcia;CEAM;Assistência Social (SEASDIH);1;25 de Agosto;Rua Professor José de Souza Herdy, nº 878;25071-202;;(21) 2671-8899;ceam.veralucia@duquedecaxias.rj.gov.br;Segunda a sexta-feira, das 9h às 17h;-22.7935;-43.3025;;;;Centro especializado de atendimento social, psicológico e jurídico para mulheres em situação de violência doméstica e familiar de gênero.
rec_372;CEAM Idacilde;CEAM;Assistência Social (SEASDIH);2;Jardim Primavera;Alameda Rui Barbosa, Lote 8, Quadra 17;25215-260;;(21) 2773-6300;ceam.idacilde@duquedecaxias.rj.gov.br;Segunda a sexta-feira, das 9h às 17h;-22.686;-43.2845;;;;Centro especializado no atendimento e acolhimento de mulheres em situação de vulnerabilidade e violência de gênero na região de Jardim Primavera.
rec_373;CEAM Parada Angélica;;Assistência Social (SEASDIH);3;Parada Angélica;Rua Florianinho, s/nº;25272-560;;(21) 2778-9900;ceam.paradaangelica@duquedecaxias.rj.gov.br;Segunda a sexta-feira, das 09h às 17h;-22.635;-43.24;;;;Equipamento público oficial da Prefeitura Municipal de Duque de Caxias vinculado ao setor de Assistência Social (SEASDIH).
rec_374;Centro de Convivência do Idoso;CCI;Assistência Social (SEASDIH);1;Centenário;Rua Manoel Vieira, s/nº;25030-000;;(21) 2673-4422;idoso@duquedecaxias.rj.gov.br;Segunda a sexta-feira, das 8h às 17h;-22.782;-43.315;hub_1;Centro Cívico / Paço Municipal (Prefeitura);;Unidade de convivência ativa para idosos, desenvolvendo socialização, oficinas de artesanato, atividade física e lazer no Centenário.
rec_375;Centro de Referência do Homem;Ref. do Homem;Assistência Social (SEASDIH);2;Jardim Primavera;Rua Vicente Celestino, nº 615;25215-260;;(21) 2773-5500;homem@duquedecaxias.rj.gov.br;Segunda a sexta-feira, das 8h às 17h;-22.687;-43.283;;;;Espaço voltado ao acompanhamento psicológico, social e de cidadania do homem, incluindo grupos reflexivos e saúde preventiva.
rec_376;Restaurante do Povo de Duque de Caxias;;Assistência Social (SEASDIH);1;Centro;Rua Frei Fidélis, s/nº;25010-090;;(21) 2672-6650;;Segunda a sexta-feira, das 09h às 17h;-22.7865;-43.308;;;;Equipamento público oficial da Prefeitura Municipal de Duque de Caxias vinculado ao setor de Assistência Social (SEASDIH).
rec_377;Conselho Tutelar 1º Distrito;;Assistência Social (SEASDIH);1;25 de Agosto;Rua Marechal Deodoro, nº 557;25071-190;;(21) 2671-1122;conselhotutelar1@duquedecaxias.rj.gov.br;Segunda a sexta-feira, das 09h às 17h;-22.7915;-43.3045;;;;Equipamento público oficial da Prefeitura Municipal de Duque de Caxias vinculado ao setor de Assistência Social (SEASDIH).
rec_378;Conselho Tutelar 2º Distrito;;Assistência Social (SEASDIH);2;Jardim Primavera;Alameda James Franco, nº 03;25215-270;;(21) 2773-4455;conselhotutelar2@duquedecaxias.rj.gov.br;Segunda a sexta-feira, das 09h às 17h;-22.6855;-43.284;hub_1;Centro Cívico / Paço Municipal (Prefeitura);;Equipamento público oficial da Prefeitura Municipal de Duque de Caxias vinculado ao setor de Assistência Social (SEASDIH).
rec_379;Conselho Tutelar 3º Distrito;;Assistência Social (SEASDIH);3;Imbariê;Rua Coronel Carlos Silva, nº 80;25266-000;;(21) 2778-1133;conselhotutelar3@duquedecaxias.rj.gov.br;Segunda a sexta-feira, das 09h às 17h;-22.6455;-43.2505;;;;Equipamento público oficial da Prefeitura Municipal de Duque de Caxias vinculado ao setor de Assistência Social (SEASDIH).
rec_380;Conselho Tutelar 4º Distrito;;Assistência Social (SEASDIH);4;Xerém;Estrada Rio-D'Ouro, s/nº;25272-000;;(21) 3658-2244;conselhotutelar4@duquedecaxias.rj.gov.br;Segunda a sexta-feira, das 09h às 17h;-22.584;-43.311;;;;Equipamento público oficial da Prefeitura Municipal de Duque de Caxias vinculado ao setor de Assistência Social (SEASDIH).
rec_406;Central do Cadastro Único (CadÚnico / Bolsa Família);;Assistência Social (SEASDIH);1;25 de Agosto;Av. Brigadeiro Lima e Silva, 1.618 – 25 de Agosto – Duque de Caxias – RJ – CEP 25.071-182;25.071-182;Sede SMASDH;(21) 2672-6659;gabinete.seasdih@duquedecaxias.rj.gov.br;Segunda a sexta-feira, das 09h às 17h;-22.7912;-43.3015;hub_12;Polo Cívico e Histórico da 25 de Agosto;Inscrição e atualização no Cadastro Único, Programa Bolsa Família, Tarifa Social, BPC;Inscrição e atualização no Cadastro Único, Programa Bolsa Família, Tarifa Social, BPC
rec_407;Subsecretaria de Direitos Humanos;;Assistência Social (SEASDIH);1;25 de Agosto;Av. Brigadeiro Lima e Silva, 1.618 – 25 de Agosto – Duque de Caxias – RJ – CEP 25.071-182;25.071-182;Sede SMASDH;(21) 2672-6650;direitoshumanos@duquedecaxias.rj.gov.br;Segunda a sexta-feira, das 09h às 17h;-22.7912;-43.3015;hub_12;Polo Cívico e Histórico da 25 de Agosto;Políticas de Direitos Humanos, Igualdade Racial, Defesa da Mulher e Minorias;Políticas de Direitos Humanos, Igualdade Racial, Defesa da Mulher e Minorias
rec_422;Abrigo Primeiro Olhar;Abrigo;Assistência Social (SEASDIH);2;Jardim Primavera;Av. Perimetral Tarce Menezes Freitas Lima, 19 – Jardim Primavera – Duque de Caxias – RJ – CEP 25.215-000;25.215-000;;(21) 2773-5500;gabinete.seasdih@duquedecaxias.rj.gov.br;Atendimento 24 Horas;-22.6865;-43.2835;;;Unidade de alta complexidade do SUAS para acolhimento protetivo e temporário de bebês e crianças sob medida judicial de proteção.;Acolhimento protetivo e temporário de crianças sob tutela e determinação judicial.
rec_423;Casa de Passagem Municipal;Casa Passagem;Assistência Social (SEASDIH);1;Centenário;Rua Manoel Vieira, s/nº – Centenário – Duque de Caxias – RJ – CEP 25.030-220;25.030-220;;(21) 2771-8021;gabinete.seasdih@duquedecaxias.rj.gov.br;Atendimento 24 Horas;-22.7815;-43.3125;hub_7;Polo de Assistência Social do Centenário;Acolhimento emergencial temporário, pernoite, alimentação e apoio psicossocial para pessoas em situação de rua.;Unidade protetiva de acolhimento emergencial temporário para pessoas em trânsito e vulnerabilidade extrema em Duque de Caxias.
rec_424;Casa Social Renascer;Casa Renascer;Assistência Social (SEASDIH);1;Centro;Rua Coronel João Teles, 43 – Centro – Duque de Caxias – RJ – CEP 25.010-060;25.010-060;;(21) 2676-9600;gabinete.seasdih@duquedecaxias.rj.gov.br;Segunda a sexta-feira, das 8h às 17h;-22.788;-43.305;;;Alta complexidade, convivência e suporte para reinserção cidadã de adultos em vulnerabilidade.;Atuação na rede de proteção de alta complexidade para inserção cidadã de pessoas sob vulnerabilidade severa.
rec_425;Casa Social Reviver;Casa Reviver;Assistência Social (SEASDIH);1;Centro;Rua Manoel Teles, 700 – Centro – Duque de Caxias – RJ – CEP 25.010-180;25.010-180;;(21) 2671-8055;gabinete.seasdih@duquedecaxias.rj.gov.br;Segunda a sexta-feira, das 8h às 17h;-22.786;-43.307;;;Acolhimento institucional, suporte psicossocial e reinserção comunitária.;Acolhimento e suporte psicossocial focado na reabilitação e reinserção social de cidadãos em extrema vulnerabilidade.
rec_426;Casa Comunitária 25 de Agosto;Casa Comun.;Assistência Social (SEASDIH);1;25 de Agosto;Rua Conde de Porto Alegre, 599 – 25 de Agosto – Duque de Caxias – RJ – CEP 25.070-350;25.070-350;;(21) 2783-1306;gabinete.seasdih@duquedecaxias.rj.gov.br;Segunda a sexta-feira, das 8h às 17h;-22.793;-43.304;;;Articulação de grupos comunitários, oficinas de convivência e fortalecimento de vínculos.;Espaço integrador comunitário focado em articular grupos sociais e cidadania no bairro 25 de Agosto.
rec_427;Centro POP — Unidade Figueira;Centro POP;Assistência Social (SEASDIH);2;Figueira;Estrada Velha do Pilar, s/nº – Figueira – Duque de Caxias – RJ – CEP 25.230-020;25.230-020;;(21) 2771-0976;centropop@duquedecaxias.rj.gov.br;Segunda a sexta-feira, das 8h às 17h;-22.7355;-43.2845;;;Centro de Referência Especializado para População em Situação de Rua, higiene, alimentação e encaminhamento.;Atendimento especializado e continuado a pessoas em situação de rua com equipe multidisciplinar.
rec_428;CMDCA — Conselho Municipal dos Direitos da Criança e do Adolescente;CMDCA;Assistência Social (SEASDIH);1;Centenário;Rua Manoel Vieira, s/nº – Centenário – Duque de Caxias – RJ – CEP 25.030-220;25.030-220;Complexo de Assistência Social;(21) 3652-5461;cmdca@duquedecaxias.rj.gov.br;Segunda a sexta-feira, das 9h às 17h;-22.782;-43.312;hub_7;Polo de Assistência Social do Centenário;Formulação, controle e deliberação das políticas públicas municipais para crianças e adolescentes.;Órgão deliberativo e controlador das ações de defesa dos direitos de crianças e jovens em Duque de Caxias.
rec_429;COMDEPI — Conselho Municipal de Defesa dos Direitos da Pessoa Idosa;COMDEPI;Assistência Social (SEASDIH);1;Centenário;Rua Manoel Vieira, s/nº – Centenário – Duque de Caxias – RJ – CEP 25.030-220;25.030-220;Complexo de Assistência Social;(21) 2672-6650;conselhoidoso@duquedecaxias.rj.gov.br;Segunda a sexta-feira, das 9h às 17h;-22.782;-43.312;hub_7;Polo de Assistência Social do Centenário;Fiscalização e proposição de políticas de valorização, saúde e dignidade para a terceira idade.;Conselho paritário dedicado à proteção e promoção dos direitos da população idosa do município.
rec_430;COMDIM — Conselho Municipal dos Direitos da Mulher;COMDIM;Assistência Social (SEASDIH);1;Centenário;Rua Manoel Vieira, s/nº – Centenário – Duque de Caxias – RJ – CEP 25.030-220;25.030-220;Complexo de Assistência Social;(21) 2672-6650;conselhomulher@duquedecaxias.rj.gov.br;Segunda a sexta-feira, das 9h às 17h;-22.782;-43.312;hub_7;Polo de Assistência Social do Centenário;Políticas de igualdade de gênero, enfrentamento à violência doméstica e combate à discriminação.;Instância de articulação e defesa dos direitos das mulheres caxienses.
rec_431;DEDAF — Departamento de Defesa dos Direitos da Mulher e da Família;DEDAF;Assistência Social (SEASDIH);1;Centro;Rua Frei Fidélis, 709 – Centro – Duque de Caxias – RJ – CEP 25.010-150;25.010-150;;(21) 2672-6650;direitoshumanos@duquedecaxias.rj.gov.br;Segunda a sexta-feira, das 9h às 17h;-22.7875;-43.3075;;;Atendimento especializado, suporte jurídico e psicossocial para famílias e mulheres.;Departamento vinculado à Subsecretaria de Direitos Humanos focado na estrutura familiar e apoio à mulher.
rec_432;DEMPPIRD — Depto. de Promoção da Igualdade Racial e Direitos LGBT;DEMPPIRD;Assistência Social (SEASDIH);1;Centro;Rua Frei Fidélis, 709 – Centro – Duque de Caxias – RJ – CEP 25.010-150;25.010-150;;(21) 2672-6650;direitoshumanos@duquedecaxias.rj.gov.br;Segunda a sexta-feira, das 9h às 17h;-22.7875;-43.3075;;;Combate à discriminação, políticas afirmativas e atendimento a vítimas de intolerância e preconceito.;Órgão de execução das políticas municipais antidiscriminação racial e diversidade sexual.
rec_433;Equinovida — Centro Municipal de Equoterapia;Equinovida;Assistência Social (SEASDIH);2;Jardim Primavera;Rua Maurício Santos Silva, 2846 – Jardim Primavera – Duque de Caxias – RJ – CEP 25.215-400;25.215-400;;(21) 3653-6731;equinovida@duquedecaxias.rj.gov.br;Segunda a sexta-feira, das 8h às 17h;-22.682;-43.286;;;Método terapêutico com cavalos para reabilitação biopsicossocial de pessoas com deficiência.;Centro de referência em tratamento terapêutico de crianças e jovens com deficiência ou TEA por equoterapia.
rec_434;Getsêmani — Centro Comunitário de Acolhimento;Getsêmani;Assistência Social (SEASDIH);3;Parque Capivari;Rua Marquês de Barcena, 88 – Capivari – Duque de Caxias – RJ – CEP 25.220-100;25.220-100;;(21) 2773-9777;gabinete.seasdih@duquedecaxias.rj.gov.br;Segunda a sexta-feira, das 8h às 17h;-22.6955;-43.2555;;;Acolhimento comunitário, assistência a famílias em vulnerabilidade e projetos de cidadania.;Equipamento de suporte social integrado à rede do 2º Distrito.
