codigo_escola;nome_escola;distrito;endereco;bairro;municipio;estado;cep;telefones;email;diretor;data_funcionamento;id_interno_unidade;cod_coordenadoria;url
33049670;CIEP Brizolão Municipalizado 120 - Monteiro Lobato;2º Distrito;Rodovia Washington Luiz - SN;São Judas Tadeu;Duque de Caxias;Rio de Janeiro;25265008;;ciep2.monteirolobato@smeduquedecaxias.rj.gov.br;FERNANDO LUIS VIEIRA;02/03/2006;607330;607261;https://duque.augeeducacional.com.br/MapaCoordenadoria/detEscola.do?codUnidade=607330&exibirQuadro=false
33050406;CIEP Municipalizado 015 - Henrique de Souza Filho Henfil;3º Distrito;Avenida 31 de Março - 88;Parque Paulista;Duque de Caxias;Rio de Janeiro;25261160;(21) 972856261;ciep3.henfil@smeduquedecaxias.rj.gov.br;MARCUS PAULO SILVA DE LIMA;02/03/2006;607389;607262;https://duque.augeeducacional.com.br/MapaCoordenadoria/detEscola.do?codUnidade=607389&exibirQuadro=false
33048290;CIEP Municipalizado 097 - Carlos Chagas;1º Distrito;Avenida Perimetral República do Paraguai - s/n;Vila Sarapuíí;Duque de Caxias;Rio de Janeiro;25050100;(21) 36581905;ciep1.carloschagas@smeduquedecaxias.rj.gov.br;MARLI VIANA;02/03/2006;607264;607263;https://duque.augeeducacional.com.br/MapaCoordenadoria/detEscola.do?codUnidade=607264&exibirQuadro=false
33099251;CIEP Municipalizado 220 - Yolanda Borges;2º Distrito;Av. Feliciano de Castilho - S/N;Chácara Rio - Petrópolis;Duque de Caxias;Rio de Janeiro;25231250;(21) 36542111;ciep2.yolandaborges@smeduquedecaxias.rj.gov.br;ISADORA ALVES GOMES;14/11/2013;607331;607261;https://duque.augeeducacional.com.br/MapaCoordenadoria/detEscola.do?codUnidade=607331&exibirQuadro=false
33103496;CIEP Municipalizado 227 - Procópio Ferreira;3º Distrito;Avenida A - S/N;Nova Campinas;Duque de Caxias;Rio de Janeiro;25268010;(21) 36537114;ciep3.procopio@smeduquedecaxias.rj.gov.br;ELAINE TORRES DA SILVA;02/03/2006;607390;607262;https://duque.augeeducacional.com.br/MapaCoordenadoria/detEscola.do?codUnidade=607390&exibirQuadro=false
33099260;CIEP Municipalizado 318 - Paulo Mendes Campos;2º Distrito;Av. Presidente Roosevelt - S/N;Saracuruna;Duque de Caxias;Rio de Janeiro;25212390;(21) 27733773;ciep2.paulomendescampos@smeduquedecaxias.rj.gov.br;RENATA BERSOT MANHAES;02/03/2006;607332;607261;https://duque.augeeducacional.com.br/MapaCoordenadoria/detEscola.do?codUnidade=607332&exibirQuadro=false
33101680;CIEP Municipalizado 319 - Oduvaldo Viana Filho;3º Distrito;Avenida Hélio de Oliveira - S/N;Jardim Anhangá;Duque de Caxias;Rio de Janeiro;25264350;(21) 36560583;ciep3.oduvaldo@smeduquedecaxias.rj.gov.br;KATIA DE ARAUJO CHAGAS;01/01/1998;607391;607262;https://duque.augeeducacional.com.br/MapaCoordenadoria/detEscola.do?codUnidade=607391&exibirQuadro=false
33104999;CIEP Municipalizado 328 - Marie Curie;2º Distrito;Rua Sergipe - SN;Chácara Arcampo - Vila Maria elena;Duque de Caxias;Rio de Janeiro;25221030;(21) 27785889;ciep2.mariecurie@smeduquedecaxias.rj.gov.br;ROSA PAULA ROSA CUNHA;17/05/2010;607333;607261;https://duque.augeeducacional.com.br/MapaCoordenadoria/detEscola.do?codUnidade=607333&exibirQuadro=false
33101094;CIEP Municipalizado 330 - Maria da Glória Corrêa Lemos;3º Distrito;Avenida Automóvel Clube - Km 56;Santa Lúcia;Duque de Caxias;Rio de Janeiro;25272030;(21) 36503890;ciep3.mariadagloria@smeduquedecaxias.rj.gov.br;CLEIDE DA SILVA DE CARVALHO;10/10/2007;607392;607262;https://duque.augeeducacional.com.br/MapaCoordenadoria/detEscola.do?codUnidade=607392&exibirQuadro=false
33099782;CIEP Municipalizado 338 - Célia Rabelo;4º Distrito;Rua Enéas Frutuoso - S/N;XERÉM;Duque de Caxias;Rio de Janeiro;25245410;(21) 997394054;ciep4.celiarabelo@smeduquedecaxias.rj.gov.br;VIVIANE ROSANA PEIXOTO DA COSTA;01/04/1998;607425;607260;https://duque.augeeducacional.com.br/MapaCoordenadoria/detEscola.do?codUnidade=607425&exibirQuadro=false
33097070;CIEP Municipalizado 405 - Ministro Santiago Dantas;1º Distrito;Rua Primeiro de Maio - 159;Vila Itamarati;Duque de Caxias;Rio de Janeiro;25070440;(21) 26712386;ciep1.santiagodantas@smeduquedecaxias.rj.gov.br;ANNE ALESSANDRA DE ANDRADE E SILVA;01/04/1998;607265;607263;https://duque.augeeducacional.com.br/MapaCoordenadoria/detEscola.do?codUnidade=607265&exibirQuadro=false
33099170;CIEP Municipalizado 407 - Neusa Goulart Brizola;3º Distrito;Rua Real da Estrela - S/N;Parada Angélica;Duque de Caxias;Rio de Janeiro;25272230;(21) 0;ciep3.neusabrizola@smeduquedecaxias.rj.gov.br;SAMYRA HARB LISBOA;02/03/2006;607393;607262;https://duque.augeeducacional.com.br/MapaCoordenadoria/detEscola.do?codUnidade=607393&exibirQuadro=false
88;Creche Comunitária Nossa Senhora das Graças;Escolas da Rede;Rua Professor Mota Sobrinho - 28;Vila Ideal;Duque de Caxias;Rio de Janeiro;25010470;;;;;608093;607494;https://duque.augeeducacional.com.br/MapaCoordenadoria/detEscola.do?codUnidade=608093&exibirQuadro=false
818181;Creche Erenilda Faria Ferreira de Oliveira;1º Distrito;Rua Souza Renha - 29;Parque Santa Marta;Duque de Caxias;Rio de Janeiro;25085210;;creche1.erenildafariaferreiradeoliveira@smeduquedecaxias.rj.gov.br;;;608146;607263;https://duque.augeeducacional.com.br/MapaCoordenadoria/detEscola.do?codUnidade=608146&exibirQuadro=false
70070;Creche Municial Elzy Ferreira da Silva;Escolas da Rede;Rua Benjamin da Rocha Júnior - 415;São Bento;Duque de Caxias;Rio de Janeiro;25045010;;;;;608102;607494;https://duque.augeeducacional.com.br/MapaCoordenadoria/detEscola.do?codUnidade=608102&exibirQuadro=false
33445257;Creche Municipal Abne Marques de Abreu;1º Distrito;Rua Boa Viagem - S/N;Vila Centenário;Duque de Caxias;Rio de Janeiro;25030300;(21) 975337600;creche1.abne@smeduquedecaxias.rj.gov.br;MILENE DO NASCIMENTO MOREIRA;07/07/2008;607281;607263;https://duque.augeeducacional.com.br/MapaCoordenadoria/detEscola.do?codUnidade=607281&exibirQuadro=false
33446229;Creche Municipal Elisa Mathias de Araújo;1º Distrito;Rua Paulo Biar - SN;Parque Felicidade;Duque de Caxias;Rio de Janeiro;25080420;(21) 987782601;creche1.elisamathias@smeduquedecaxias.rj.gov.br;DIEGO TAVARES DO NASCIMENTO;13/07/2009;607282;607263;https://duque.augeeducacional.com.br/MapaCoordenadoria/detEscola.do?codUnidade=607282&exibirQuadro=false
33202168;Creche Municipal Fábio Tenório Cavalcanti;2º Distrito;Rua Vicente Guerrero - s/n;Vila Santo Antônio;Duque de Caxias;Rio de Janeiro;25040570;;creche2.fabiotenorio@smeduquedecaxias.rj.gov.br;LETICIA DE SOUZA GONCALVES;28/06/2024;607910;607261;https://duque.augeeducacional.com.br/MapaCoordenadoria/detEscola.do?codUnidade=607910&exibirQuadro=false
33553237;Creche Municipal Hydekel de Freitas Lima;1º Distrito;Rua Sargento Belmont de Oliveira - 55;Vila Ideal;Duque de Caxias;Rio de Janeiro;25010480;;creche1.hydekel@smeduquedecaxias.rj.gov.br;;13/02/2025;607947;607263;https://duque.augeeducacional.com.br/MapaCoordenadoria/detEscola.do?codUnidade=607947&exibirQuadro=false
555;Creche Municipal Jussara Queiroz Leitão;Escolas da Rede;Avenida Perimetral Pedro Lessa - 0;Jardim Leal;Duque de Caxias;Rio de Janeiro;25035800;;;;;608092;607494;https://duque.augeeducacional.com.br/MapaCoordenadoria/detEscola.do?codUnidade=608092&exibirQuadro=false
808080;Creche Municipal Katia Núbia Reis;Escolas da Rede;Estrada Carlos Mateus - 95;Parque Xerém;Duque de Caxias;Rio de Janeiro;25245620;;;;;608109;607494;https://duque.augeeducacional.com.br/MapaCoordenadoria/detEscola.do?codUnidade=608109&exibirQuadro=false
33199159;Creche Municipal Lucia de Fatima Bomfim de Castro e Silva;1º Distrito;Rua Mariz e Barros - 594;Jardim Vinte e Cinco de Agosto;Duque de Caxias;Rio de Janeiro;25071051;(21) 975336610;creche1.luciadefatima@smeduquedecaxias.rj.gov.br;MARCELO DE JESUS PEREIRA;01/02/2024;607813;607263;https://duque.augeeducacional.com.br/MapaCoordenadoria/detEscola.do?codUnidade=607813&exibirQuadro=false
828282;Creche Municipal Maria Emília de Oliveira;1º Distrito;Rua Doutor Furquim Mendes - s/n;Vila Centenário;Duque de Caxias;Rio de Janeiro;25030170;;;;;608147;607263;https://duque.augeeducacional.com.br/MapaCoordenadoria/detEscola.do?codUnidade=608147&exibirQuadro=false
33048606;Creche Municipal Profª João de Oliveira;1º Distrito;Rua Manuel Vieira - S/N;Centro;Duque de Caxias;Rio de Janeiro;25020210;(21) 26747177;creche1.joaodeoliveira@smeduquedecaxias.rj.gov.br;DEBORA GUEDES DOS ANJOS;24/05/1987;607284;607263;https://duque.augeeducacional.com.br/MapaCoordenadoria/detEscola.do?codUnidade=607284&exibirQuadro=false
33201730;Creche Municipal Zelina Penido da Rosa;2º Distrito;Rua Professor Hélio Rangel - s/n;Jardim Primavera;Duque de Caxias;Rio de Janeiro;25223190;(21) 964780481;creche2.zelinapenido@smeduquedecaxias.rj.gov.br;DERIS DANIELA NASCIMENTO DE SOUZA;25/09/2024;607908;607261;https://duque.augeeducacional.com.br/MapaCoordenadoria/detEscola.do?codUnidade=607908&exibirQuadro=false
33144133;Creche e Centro de Atendimento a Infância Caxiense - Amapá;4º Distrito;Rua Dalila - 8;AMAPÁ;Duque de Caxias;Rio de Janeiro;25235460;(21) 997041532;ccaic4.amapa@smeduquedecaxias.rj.gov.br;ROSANE CAPISTRANO MAXIMO FERREIRA;24/03/2003;607426;607260;https://duque.augeeducacional.com.br/MapaCoordenadoria/detEscola.do?codUnidade=607426&exibirQuadro=false
33158193;Creche e Centro de Atendimento a Infância Caxiense - Campos Elíseos;2º Distrito;Rua Ricardo Xavier da Silveira - 04;Campos Elíseos;Duque de Caxias;Rio de Janeiro;25225040;(21) 27760268;ccaic2.camposeliseos@smeduquedecaxias.rj.gov.br;RENATA VIEIRA BATISTA;23/10/2006;607335;607261;https://duque.augeeducacional.com.br/MapaCoordenadoria/detEscola.do?codUnidade=607335&exibirQuadro=false
33151741;Creche e Centro de Atendimento a Infância Caxiense - Jardim Anhangá;3º Distrito;Avenida Amaro Martins - 22;Jardim Anhangá;Duque de Caxias;Rio de Janeiro;25264015;;ccaic3.jdanhanga@smeduquedecaxias.rj.gov.br;MARIANE GUEDES XAVIER;21/07/2004;607394;607262;https://duque.augeeducacional.com.br/MapaCoordenadoria/detEscola.do?codUnidade=607394&exibirQuadro=false
33151733;Creche e Centro de Atendimento a Infância Caxiense - Jardim Gramacho;1º Distrito;Rua Paracatu - QD 84;Jardim Gramacho;Duque de Caxias;Rio de Janeiro;25055110;(21) 964543059;ccaic1.jdgramacho@smeduquedecaxias.rj.gov.br;DANIELLE NASCIMENTO DA SILVA;21/07/2004;607266;607263;https://duque.augeeducacional.com.br/MapaCoordenadoria/detEscola.do?codUnidade=607266&exibirQuadro=false
33151717;Creche e Centro de Atendimento a Infância Caxiense - Olavo Bilac;1º Distrito;Rua Leverger - 193;Olavo Bilac;Duque de Caxias;Rio de Janeiro;25036190;(21) 27725404;ccaic1.bilac@smeduquedecaxias.rj.gov.br;DENISE DE SOUZA FREIRE;21/07/2004;607267;607263;https://duque.augeeducacional.com.br/MapaCoordenadoria/detEscola.do?codUnidade=607267&exibirQuadro=false
33151709;Creche e Centro de Atendimento a Infância Caxiense - Parque Muísa;2º Distrito;Avenida Governador Leonel de Moura Brizola - 9422;São Bento;Duque de Caxias;Rio de Janeiro;25045002;(21) 26993184;ccaic2.pqmuisa@smeduquedecaxias.rj.gov.br;PATRICIA CAITANO DA SILVA;21/07/2004;607336;607261;https://duque.augeeducacional.com.br/MapaCoordenadoria/detEscola.do?codUnidade=607336&exibirQuadro=false
33151725;Creche e Centro de Atendimento a Infância Caxiense - Xerém;4º Distrito;Rua Enéas Frutuoso - 134;Pedreira - Xerém;Duque de Caxias;Rio de Janeiro;25245410;(21) 36585262;ccaic4.xerem@smeduquedecaxias.rj.gov.br;LILIANE GUARINO AMORIM;21/07/2004;607427;607260;https://duque.augeeducacional.com.br/MapaCoordenadoria/detEscola.do?codUnidade=607427&exibirQuadro=false
33051038;Creche e Escola Municipal Bairro Tabuleiro;4º Distrito;Estrada do Tabuleiro - S/N;Tabuleiro;Duque de Caxias;Rio de Janeiro;25245750;(21) 37677557;escola4.tabuleiro@smeduquedecaxias.rj.gov.br;RAQUEL BENTO DA SILVA;10/11/1988;607428;607260;https://duque.augeeducacional.com.br/MapaCoordenadoria/detEscola.do?codUnidade=607428&exibirQuadro=false
33190070;Creche e Escola Municipal Dona Leda Granja Victer;3º Distrito;Avenida A - S/N;Nova Campinas;Duque de Caxias;Rio de Janeiro;25268010;;creche3.ledavicter@smeduquedecaxias.rj.gov.br;ILMA GONCALVES DA SILVA;29/09/2020;607395;607262;https://duque.augeeducacional.com.br/MapaCoordenadoria/detEscola.do?codUnidade=607395&exibirQuadro=false
33049106;Creche e Escola Municipal Dr Álvaro Alberto;1º Distrito;Rua Deputado Romeiro Júnior - 273;Vila Meriti;Duque de Caxias;Rio de Janeiro;25020110;(21) 27716591;escola1.alvaroalberto@smeduquedecaxias.rj.gov.br;RITA DE CASSIA FERREIRA COUTINHO ANAPURUS;06/07/1984;607268;607263;https://duque.augeeducacional.com.br/MapaCoordenadoria/detEscola.do?codUnidade=607268&exibirQuadro=false
33221600;Creche e Escola Municipal Gandur Assed;1º Distrito;Rua 01 - 2;Parque das Missões;Duque de Caxias;Rio de Janeiro;25086450;(21) 31055335;creche1.gandur@smeduquedecaxias.rj.gov.br;ADRIANA TOLEDO COELHO CAVALCANTE;07/07/2008;607269;607263;https://duque.augeeducacional.com.br/MapaCoordenadoria/detEscola.do?codUnidade=607269&exibirQuadro=false
33094837;Creche e Escola Municipal Profªª Maria Anger Dias Guarino;2º Distrito;Rua Pedro Toledo - 9;Campos Elíseos;Duque de Caxias;Rio de Janeiro;25225430;;escola2.mariaanger@smeduquedecaxias.rj.gov.br;DANIELLE SOARES DO NASCIMENTO;16/04/1996;607337;607261;https://duque.augeeducacional.com.br/MapaCoordenadoria/detEscola.do?codUnidade=607337&exibirQuadro=false
33130183;Creche e Pré-Escola Municipal Ayrton Senna;2º Distrito;Rua C - 16;Jardim Primavera;Duque de Caxias;Rio de Janeiro;25213183;(21) 971582370;creche2.ayrtonsenna@smeduquedecaxias.rj.gov.br;NATHALIA NUNES CANTANHEDE;18/10/1999;607338;607261;https://duque.augeeducacional.com.br/MapaCoordenadoria/detEscola.do?codUnidade=607338&exibirQuadro=false
33195684;Creche e Pré-Escola Municipal Joséé Ataíde da Silva;2º Distrito;Av. Pitágoras - S/N;Chácara Rio-Petrópolis;Duque de Caxias;Rio de Janeiro;25231210;(21) 36542064;creche2.josesilva@smeduquedecaxias.rj.gov.br;ROSANA CIPRIANO LAPA;09/12/2022;607340;607261;https://duque.augeeducacional.com.br/MapaCoordenadoria/detEscola.do?codUnidade=607340&exibirQuadro=false
33201722;Creche e Pré-Escola Municipal Marluse Vicente da Silva;2º Distrito;Rua Pirangi - 300;Parque Eldorado;Duque de Caxias;Rio de Janeiro;25240490;;creche2.marlusevicente@smeduquedecaxias.rj.gov.br;LUCIANE DOS SANTOS MARTINS;09/12/2020;607893;607261;https://duque.augeeducacional.com.br/MapaCoordenadoria/detEscola.do?codUnidade=607893&exibirQuadro=false
33191905;Creche e Pré-Escola Municipal Profªª Rosalita da Silva Netto;3º Distrito;Rua AQ - SN;Jardim Anhangá;Duque de Caxias;Rio de Janeiro;25264542;;creche3.rosalitanetto@smeduquedecaxias.rj.gov.br;ISABELA BOLORINI JARA;30/06/2022;607401;607262;https://duque.augeeducacional.com.br/MapaCoordenadoria/detEscola.do?codUnidade=607401&exibirQuadro=false
33139741;Creche e Pré-escola Municipal Benízio Joséé da Silva;1º Distrito;Rua da Mina - S/N;Parque Senhor do Bonfim;Duque de Caxias;Rio de Janeiro;25025050;(21) 26748652;creche1.benizio@smeduquedecaxias.rj.gov.br;ANDREIA COSTA DA SILVA DE OLIVEIRA;05/12/2001;607270;607263;https://duque.augeeducacional.com.br/MapaCoordenadoria/detEscola.do?codUnidade=607270&exibirQuadro=false
33048592;Creche e Pré-escola Municipal Comunitária São Sebastião;1º Distrito;Rua Expedicionário José Amaro - 1353;Vila São Luís;Duque de Caxias;Rio de Janeiro;25065090;(21) 27838368;creche1.saosebastiao@smeduquedecaxias.rj.gov.br;ROSIMERI RIBEIRO;11/06/2007;607271;607263;https://duque.augeeducacional.com.br/MapaCoordenadoria/detEscola.do?codUnidade=607271&exibirQuadro=false
33196303;Creche e Pré-escola Municipal Deputado Joséé Carlos Coutinho;3º Distrito;Rodovia Rio Magé - 14;Jardim Anhangá;Duque de Caxias;Rio de Janeiro;25264665;(21) 977479062;creche3.josecoutinho@smeduquedecaxias.rj.gov.br;ELAINE CRISTINA CARDOSO FINTELMAN XAVIER;09/12/2022;607396;607262;https://duque.augeeducacional.com.br/MapaCoordenadoria/detEscola.do?codUnidade=607396&exibirQuadro=false
33447284;Creche e Pré-escola Municipal Graciesse Luiza Silva Lourenço;1º Distrito;Avenida Leandro da Mota - 159;Doutor Laureano;Duque de Caxias;Rio de Janeiro;25060190;(21) 36514955;creche1.graciesse@smeduquedecaxias.rj.gov.br;BARBARA SILVA DE LUCENA;07/07/2008;607272;607263;https://duque.augeeducacional.com.br/MapaCoordenadoria/detEscola.do?codUnidade=607272&exibirQuadro=false
33221413;Creche e Pré-escola Municipal Iracy Moreira Theodoro;1º Distrito;Rua Alcantara - S/N;Prainha;Duque de Caxias;Rio de Janeiro;25015580;(21) 37775189;creche1.iracy@smeduquedecaxias.rj.gov.br;MICHELE SIQUEIRA RIBEIRO COMINOTI;17/10/2007;607273;607263;https://duque.augeeducacional.com.br/MapaCoordenadoria/detEscola.do?codUnidade=607273&exibirQuadro=false
33445265;Creche e Pré-escola Municipal Irmã Arnalda da Silva Neves;3º Distrito;Estrada Cachoeira das Dores - 1693;Taquara;Duque de Caxias;Rio de Janeiro;25275130;(21) 27873121;creche3.irmaarnalda@smeduquedecaxias.rj.gov.br;LUCIANA VIANA DE AZEVEDO;17/09/2008;607397;607262;https://duque.augeeducacional.com.br/MapaCoordenadoria/detEscola.do?codUnidade=607397&exibirQuadro=false
33195676;Creche e Pré-escola Municipal Jornalista Susana Naspolini;2º Distrito;Avenida Actura - S/N;Campos Elíseos;Duque de Caxias;Rio de Janeiro;25225210;(21) 957847575;creche2.susananaspolini@smeduquedecaxias.rj.gov.br;CLAUDIA BELO DA SILVA;09/12/2022;607339;607261;https://duque.augeeducacional.com.br/MapaCoordenadoria/detEscola.do?codUnidade=607339&exibirQuadro=false
33221227;Creche e Pré-escola Municipal Maria Joséé da Conceição;1º Distrito;Rua Viçosa - S/N;Jardim Leal;Duque de Caxias;Rio de Janeiro;25035330;;creche1.mariajosedaconceicao@smeduquedecaxias.rj.gov.br;LUCIANA BARBOSA FERNANDES;03/03/2008;607274;607263;https://duque.augeeducacional.com.br/MapaCoordenadoria/detEscola.do?codUnidade=607274&exibirQuadro=false
33050473;Creche e Pré-escola Municipal Monsenhor Librelotto;3º Distrito;Rua Y - 110;Imbariê;Duque de Caxias;Rio de Janeiro;25271020;(21) 966415590;creche3.librelotto@smeduquedecaxias.rj.gov.br;PRISCILA ANDRADE MALINOSKY;19/09/1991;607398;607262;https://duque.augeeducacional.com.br/MapaCoordenadoria/detEscola.do?codUnidade=607398&exibirQuadro=false
33153604;Creche e Pré-escola Municipal Parteira Odete Maria de Oliveira;1º Distrito;Rua Aristides Caire - S/N;Olavo Bilac;Duque de Caxias;Rio de Janeiro;25035170;(21) 964019766;creche1.parteiraodete@smeduquedecaxias.rj.gov.br;ANA PAULA DOS SANTOS BANDEIRA;31/05/2005;607275;607263;https://duque.augeeducacional.com.br/MapaCoordenadoria/detEscola.do?codUnidade=607275&exibirQuadro=false
33195714;Creche e Pré-escola Municipal Pequeno Guerreiro;1º Distrito;Rua 1º de Maio - 109;Itatiaia;Duque de Caxias;Rio de Janeiro;25070440;(21) 988664316;creche1.pequenoguerreiro@smeduquedecaxias.rj.gov.br;PATRICIA COELHO DIAS;09/12/2022;607276;607263;https://duque.augeeducacional.com.br/MapaCoordenadoria/detEscola.do?codUnidade=607276&exibirQuadro=false
33094845;Creche e Pré-escola Municipal Poetisa Cecília Meireles;1º Distrito;Avenida Perimetral República do Paraguai - 120;Sarapuíí;Duque de Caxias;Rio de Janeiro;25050100;(21) 965185716;creche1.ceciliameireles@smeduquedecaxias.rj.gov.br;SANDRA REGINA MONTEIRO;14/12/1995;607277;607263;https://duque.augeeducacional.com.br/MapaCoordenadoria/detEscola.do?codUnidade=607277&exibirQuadro=false
33050465;Creche e Pré-escola Municipal Profªª Armanda Álvaro Alberto;3º Distrito;Avenida A - SN;Nova Campinas;Duque de Caxias;Rio de Janeiro;25265000;(21) 26547861;creche3.armanda@smeduquedecaxias.rj.gov.br;ROSEMARY COSTA PEREIRA ALVES;14/12/1989;607399;607262;https://duque.augeeducacional.com.br/MapaCoordenadoria/detEscola.do?codUnidade=607399&exibirQuadro=false
33195730;Creche e Pré-escola Municipal Profªª Dalva Lazaroni de Moraes;3º Distrito;Rua B, L, V e Delta - SN;Conjunto 22 de Abril - Imbariê;Duque de Caxias;Rio de Janeiro;25271660;(21) 964542657;creche3.dalvalazaroni@smeduquedecaxias.rj.gov.br;CRISSIA GIGLIO DA COSTA;30/06/2022;607400;607262;https://duque.augeeducacional.com.br/MapaCoordenadoria/detEscola.do?codUnidade=607400&exibirQuadro=false
33139750;Creche e Pré-escola Municipal Profªª Jesuína de Fátima Andrade;2º Distrito;Rua Ester Quintela de Jesus - SN;PILAR;Duque de Caxias;Rio de Janeiro;25235010;(21) 36543878;creche2.jesuinaandrade@smeduquedecaxias.rj.gov.br;FERNANDA MARTINS BORGES;02/04/2001;607341;607261;https://duque.augeeducacional.com.br/MapaCoordenadoria/detEscola.do?codUnidade=607341&exibirQuadro=false
33153590;Creche e Pré-escola Municipal Profªª Laura D Aquino Longo;1º Distrito;Rua Curuçá - S/N;Olavo Bilac;Duque de Caxias;Rio de Janeiro;25035300;(21) 37774623;creche1.lauradaquino@smeduquedecaxias.rj.gov.br;MARIA ANGELINA SEQUEIROS DA SILVA;31/05/2005;607278;607263;https://duque.augeeducacional.com.br/MapaCoordenadoria/detEscola.do?codUnidade=607278&exibirQuadro=false
33158487;Creche e Pré-escola Municipal Profªª Maria Lucia Andrade Ribeiro;2º Distrito;Av. Tereza Cristina - S/N;Chácara Rio-Petrópolis;Duque de Caxias;Rio de Janeiro;25230480;(21) 36564581;creche2.marialucia@smeduquedecaxias.rj.gov.br;DENISE IBIAPINA MELO DE JESUS;28/04/2009;607342;607261;https://duque.augeeducacional.com.br/MapaCoordenadoria/detEscola.do?codUnidade=607342&exibirQuadro=false
33221405;Creche e Pré-escola Municipal Profªª Marília da Silva Siqueira;4º Distrito;Estrada de Xerém - 27;Xerém;Duque de Caxias;Rio de Janeiro;25245390;;creche4.mariliasiqueira@smeduquedecaxias.rj.gov.br;ALZIRA VARGAS DE OLIVEIRA GASPARELLI;26/11/2007;607429;607260;https://duque.augeeducacional.com.br/MapaCoordenadoria/detEscola.do?codUnidade=607429&exibirQuadro=false
33444250;Creche e Pré-escola Municipal Profªª Rosa Angélica Fonseca de Oliveira;2º Distrito;Rua da Fortuna - 73;Pilar;Duque de Caxias;Rio de Janeiro;25231250;(21) 27730918;creche2.rosaangelica@smeduquedecaxias.rj.gov.br;PATRICIA CRISTINA PORTO CASTRO;28/04/2009;607343;607261;https://duque.augeeducacional.com.br/MapaCoordenadoria/detEscola.do?codUnidade=607343&exibirQuadro=false
33446237;Creche e Pré-escola Municipal Severina dos Ramos da Silva;2º Distrito;Av. Feliciano Castilho - S/N;Chácara Rio-Petrópolis;Duque de Caxias;Rio de Janeiro;25231250;(21) 36542064;creche2.severinasilva@smeduquedecaxias.rj.gov.br;;07/07/2008;607344;607261;https://duque.augeeducacional.com.br/MapaCoordenadoria/detEscola.do?codUnidade=607344&exibirQuadro=false
33158479;Creche e Pré-escola Municipal Teresa de Lisieux;1º Distrito;Itabira - 575;Vila Itamarati;Duque de Caxias;Rio de Janeiro;25070260;(21) 26531230;creche1.teresalisieux@smeduquedecaxias.rj.gov.br;DEBORAH MELISSA NUNES GROETAERS;29/12/2010;607279;607263;https://duque.augeeducacional.com.br/MapaCoordenadoria/detEscola.do?codUnidade=607279&exibirQuadro=false
33442339;Creche e Pré-escola Municipal Ubaldina Alves da Silva;1º Distrito;Avenida Pistoia - SN;Gramacho;Duque de Caxias;Rio de Janeiro;25055052;(21) 26993109;creche1.ubaldina@smeduquedecaxias.rj.gov.br;LEIDE JANE SILVA DE ALMEIDA;03/03/2008;607280;607263;https://duque.augeeducacional.com.br/MapaCoordenadoria/detEscola.do?codUnidade=607280&exibirQuadro=false
33144095;Creche e Pré-escola Municipal Vereador Joséé Carlos Theodoro;2º Distrito;Av. Presidente Roosevelt - S/N;Parque Independência - Saracuruna;Duque de Caxias;Rio de Janeiro;25212390;(21) 26785472;creche2.josetheodoro@smeduquedecaxias.rj.gov.br;FATIMA AURORA DA CONCEICAO CORREIA;19/08/2002;607345;607261;https://duque.augeeducacional.com.br/MapaCoordenadoria/detEscola.do?codUnidade=607345&exibirQuadro=false
33049939;E E M Alberto Santos Dumont;2º Distrito;Rua Petrolina - S/N;Saracuruna;Duque de Caxias;Rio de Janeiro;25211010;(21) 27780882;escola2.santosdumont@smeduquedecaxias.rj.gov.br;RENATA VEIGA DA SILVA AGUIAR;02/03/2006;607346;607261;https://duque.augeeducacional.com.br/MapaCoordenadoria/detEscola.do?codUnidade=607346&exibirQuadro=false
33049955;E E M Bairro California;2º Distrito;Rua Telcarin - S/N;Pilar;Duque de Caxias;Rio de Janeiro;25233260;;escola2.california@smeduquedecaxias.rj.gov.br;ANA PAULA RODRIGUES DA SILVA DE SOUZA;02/03/2006;607347;607261;https://duque.augeeducacional.com.br/MapaCoordenadoria/detEscola.do?codUnidade=607347&exibirQuadro=false
33048851;E E M Castro Alves;1º Distrito;Rua Guarani - 268;Vila Guanabara;Duque de Caxias;Rio de Janeiro;25080250;(21) 36736745;escola1.castroalves@smeduquedecaxias.rj.gov.br;CLAUDIA MARCIA BORGES DA SILVA DE SOUZA;01/01/1980;607285;607263;https://duque.augeeducacional.com.br/MapaCoordenadoria/detEscola.do?codUnidade=607285&exibirQuadro=false
33048894;E E M General Tibúrcio;1º Distrito;Avenida Perimetral Doutor Juscelino Kubitschek de Oliveira - 4160;Doutor Laureano;Duque de Caxias;Rio de Janeiro;25060200;;escola1.tiburcio@smeduquedecaxias.rj.gov.br;RENATA CARNEVALE DE SOUZA;02/03/2006;607286;607263;https://duque.augeeducacional.com.br/MapaCoordenadoria/detEscola.do?codUnidade=607286&exibirQuadro=false
33048924;E E M Gustavo Armbrust;1º Distrito;Praça Otávio Carneiro - QD 39;Olavo Bilac;Duque de Caxias;Rio de Janeiro;25036460;;escola1.gustavoarmbrust@smeduquedecaxias.rj.gov.br;ISABEL CRISTINA DAS DORES GOMES TIBURCIO;02/03/2006;607287;607263;https://duque.augeeducacional.com.br/MapaCoordenadoria/detEscola.do?codUnidade=607287&exibirQuadro=false
33048967;E E M Manoel Joaquim Salgueiro;1º Distrito;Rua Tuiuti - 257;Jardim Vinte e Cinco de Agosto;Duque de Caxias;Rio de Janeiro;25070390;;escola1.joaquimsalgueiro@smeduquedecaxias.rj.gov.br;PATRICIA CAVALCANTE DOS SANTOS ANDRADE;02/03/2006;607288;607263;https://duque.augeeducacional.com.br/MapaCoordenadoria/detEscola.do?codUnidade=607288&exibirQuadro=false
33050007;E E M Marechal Mascarenhas de Moraes;2º Distrito;Estrada Belmont - S/N;Bom Retiro;Duque de Caxias;Rio de Janeiro;25223540;(21) 27733358;escola2.mascarenhasdemoraes@smeduquedecaxias.rj.gov.br;ANA PAULA MENEZES ANDRADE;02/03/2006;607348;607261;https://duque.augeeducacional.com.br/MapaCoordenadoria/detEscola.do?codUnidade=607348&exibirQuadro=false
33048983;E E M Oswaldo Cruz;1º Distrito;Estrada da Covanca - 446;Parque Lafaiete;Duque de Caxias;Rio de Janeiro;25025500;(21) 26744435;escola1.oswaldocruz@smeduquedecaxias.rj.gov.br;MONICA BARBOZA GUEDES;02/03/2006;607289;607263;https://duque.augeeducacional.com.br/MapaCoordenadoria/detEscola.do?codUnidade=607289&exibirQuadro=false
33050562;E E M Profªª Maria de Araújo da Silva;3º Distrito;Rua General Francisco Lima e Silva - S/N;Taquara;Duque de Caxias;Rio de Janeiro;25275070;(21) 27876439;escola3.mariadearaujo@smeduquedecaxias.rj.gov.br;ROBERTA ROSA DOS SANTOS RIBEIRO;01/04/1998;607402;607262;https://duque.augeeducacional.com.br/MapaCoordenadoria/detEscola.do?codUnidade=607402&exibirQuadro=false
33050821;E E M Profªª Mariana Nunes Passos;4º Distrito;Rua da Felicidade - 35;Barreiro;Duque de Caxias;Rio de Janeiro;25253017;(21) 976187092;escola4.mariananpassos@smeduquedecaxias.rj.gov.br;FABIA MOREIRA SILVA;02/03/2006;607430;607260;https://duque.augeeducacional.com.br/MapaCoordenadoria/detEscola.do?codUnidade=607430&exibirQuadro=false
33050830;E E M Sergipe;4º Distrito;Praça do Xerém - 22;XERÉM;Duque de Caxias;Rio de Janeiro;25245700;(21) 39003193;escola4.sergipe@smeduquedecaxias.rj.gov.br;MARCIA GALARANI DO NASCIMENTO;02/03/2006;607431;607260;https://duque.augeeducacional.com.br/MapaCoordenadoria/detEscola.do?codUnidade=607431&exibirQuadro=false
33050856;E E M Tancredo Neves;2º Distrito;Rua Dr. Josias de Freitas - S/N;Parque Eldorado - Santa Cruz da Serra;Duque de Caxias;Rio de Janeiro;25240470;(21) 995764922;escola2.tancredoneves@smeduquedecaxias.rj.gov.br;GLAUCIA SEIXAS DE CARVALHO;02/03/2006;607349;607261;https://duque.augeeducacional.com.br/MapaCoordenadoria/detEscola.do?codUnidade=607349&exibirQuadro=false
33049041;E M Albert Sabin;2º Distrito;Rua Almirante Custódio de Melo - s/n;Cangulo;Duque de Caxias;Rio de Janeiro;25221133;(21) 971945241;creche2.albertsabin@smeduquedecaxias.rj.gov.br;MARIA HELENA DOS SANTOS SIMOES;12/05/1993;607350;607261;https://duque.augeeducacional.com.br/MapaCoordenadoria/detEscola.do?codUnidade=607350&exibirQuadro=false
33151750;E M Aline Gonçalves de Lima;1º Distrito;Rua Assembléia - s/n;Parque Beira Mar;Duque de Caxias;Rio de Janeiro;25085330;(21) 27750155;escola1.aline@smeduquedecaxias.rj.gov.br;DIEGO TAVARES DO NASCIMENTO;21/07/2004;607290;607263;https://duque.augeeducacional.com.br/MapaCoordenadoria/detEscola.do?codUnidade=607290&exibirQuadro=false
33050589;E M Almirante Tamandaré;3º Distrito;Av. Automóvel Clube - Km 52;Jardim Rotsen - Imbariê;Duque de Caxias;Rio de Janeiro;25272030;(21) 982608093;escola3.tamandare@smeduquedecaxias.rj.gov.br;RODRIGO RODRIGUES ABRAHAO;29/05/1978;607403;607262;https://duque.augeeducacional.com.br/MapaCoordenadoria/detEscola.do?codUnidade=607403&exibirQuadro=false
33049050;E M Alto da Boa Vista;1º Distrito;Rua Leverger - 193;Olavo Bilac;Duque de Caxias;Rio de Janeiro;25036190;(21) 27824142;escola1.boavista@smeduquedecaxias.rj.gov.br;CARLA AMARAL COSENZA;14/12/1989;607291;607263;https://duque.augeeducacional.com.br/MapaCoordenadoria/detEscola.do?codUnidade=607291&exibirQuadro=false
33049068;E M Ana Nery;1º Distrito;Rua Porto Seguro - S/N;Vila São Sebastião;Duque de Caxias;Rio de Janeiro;25051080;(21) 27598222;escola1.ananery@smeduquedecaxias.rj.gov.br;IRACEMA DE LIMA AGUIAR;06/07/1984;607293;607263;https://duque.augeeducacional.com.br/MapaCoordenadoria/detEscola.do?codUnidade=607293&exibirQuadro=false
33449244;E M Ana de Souza Herdy;1º Distrito;Rua Tenente José Dias - 0;Lagunas e Dourados;Duque de Caxias;Rio de Janeiro;25011380;(21) 976580914;escola1.anaherdy@smeduquedecaxias.rj.gov.br;PATRICIA MATASSOLI DO NASCIMENTO MITRIONE;08/05/2009;607292;607263;https://duque.augeeducacional.com.br/MapaCoordenadoria/detEscola.do?codUnidade=607292&exibirQuadro=false
33050074;E M Anton Dworsak;2º Distrito;Rua Geraldo Rocha - S/N;Saracuruna;Duque de Caxias;Rio de Janeiro;25213342;(21) 36546741;escola2.antondworsak@smeduquedecaxias.rj.gov.br;ROSANGELA MARTINS DA SILVA;06/07/1984;607351;607261;https://duque.augeeducacional.com.br/MapaCoordenadoria/detEscola.do?codUnidade=607351&exibirQuadro=false
33135231;E M Anísio Spinola Teixeira;1º Distrito;Rua Petrópolis - 77;Corte Oito;Duque de Caxias;Rio de Janeiro;25030060;(21) 986908075;escola1.anisioteixeira@smeduquedecaxias.rj.gov.br;PATRICIA BLANCO DA FONSECA;28/03/2001;607294;607263;https://duque.augeeducacional.com.br/MapaCoordenadoria/detEscola.do?codUnidade=607294&exibirQuadro=false
33050600;E M Barro Branco;3º Distrito;Av. Pedro Álvares Cabral - SN;Jardim Barro Branco;Duque de Caxias;Rio de Janeiro;25267120;(21) 36528355;escola3.barrobranco@smeduquedecaxias.rj.gov.br;MONICA VENANCIO DA SILVA VIDAL;11/09/1987;607405;607262;https://duque.augeeducacional.com.br/MapaCoordenadoria/detEscola.do?codUnidade=607405&exibirQuadro=false
33050597;E M Barão da Taquara;3º Distrito;Praça São Paulo - 119;Taquara;Duque de Caxias;Rio de Janeiro;25270390;(21) 36665917;escola3.taquara@smeduquedecaxias.rj.gov.br;ALESSANDRA GUEDES DOS ANJOS;06/07/1984;607404;607262;https://duque.augeeducacional.com.br/MapaCoordenadoria/detEscola.do?codUnidade=607404&exibirQuadro=false
33050872;E M Barão do Amapá;4º Distrito;Rua Dalila - SN;Amapá;Duque de Caxias;Rio de Janeiro;25235460;(21) 219659232;escola4.amapa@smeduquedecaxias.rj.gov.br;MARCIO PEREIRA MORAES;06/07/1984;607432;607260;https://duque.augeeducacional.com.br/MapaCoordenadoria/detEscola.do?codUnidade=607432&exibirQuadro=false
33049076;E M Barão do Rio Branco;1º Distrito;Rua Joaquim José Soares - S/N;Gramacho;Duque de Caxias;Rio de Janeiro;25035185;(21) 26713569;escola1.riobranco@smeduquedecaxias.rj.gov.br;DANIELLE NUNES CRUZ;06/07/1984;607295;607263;https://duque.augeeducacional.com.br/MapaCoordenadoria/detEscola.do?codUnidade=607295&exibirQuadro=false
33050090;E M Bom Retiro;2º Distrito;Praça Felipe de Olievira - S/N;Bom Retiro;Duque de Caxias;Rio de Janeiro;25223770;;escola2.bomretiro@smeduquedecaxias.rj.gov.br;CRISTINA AUGUSTA FREITAS BENTO;06/07/1984;607352;607261;https://duque.augeeducacional.com.br/MapaCoordenadoria/detEscola.do?codUnidade=607352&exibirQuadro=false
33117985;E M Brasil-Itália;4º Distrito;Estrada do Aviário - s/nº;Xerém;Duque de Caxias;Rio de Janeiro;25250597;(24) 981107276;escola4.brasilitalia@smeduquedecaxias.rj.gov.br;VIVIANE VEIGA LIPPI SILVA;07/05/1998;607433;607260;https://duque.augeeducacional.com.br/MapaCoordenadoria/detEscola.do?codUnidade=607433&exibirQuadro=false
33050880;E M Brasília;4º Distrito;Rua João Santos Sobrinho - 16;Vila Bonança;Duque de Caxias;Rio de Janeiro;25255480;(21) 36539173;escola4.brasilia@smeduquedecaxias.rj.gov.br;FABIOLA FRANCO DUARTE BARBOSA;06/07/1984;607434;607260;https://duque.augeeducacional.com.br/MapaCoordenadoria/detEscola.do?codUnidade=607434&exibirQuadro=false
33135258;E M CARLOS DRUMMOND DE ANDRADE;3º Distrito;Rua Goindira - 343;Imbariê;Duque de Caxias;Rio de Janeiro;25266070;(21) 972352360;escola3.carlosdrummond@smeduquedecaxias.rj.gov.br;GEISILANE SILVA DE SA;28/03/2001;607407;607262;https://duque.augeeducacional.com.br/MapaCoordenadoria/detEscola.do?codUnidade=607407&exibirQuadro=false
33165769;E M Campos Elíseos;2º Distrito;Av. Tiradentes - S/N;Campos Elíseos;Duque de Caxias;Rio de Janeiro;25070971;(21) 27737267;escola2.camposeliseos@smeduquedecaxias.rj.gov.br;ANNA CAROLINA FIALHO REGO;08/05/2012;607353;607261;https://duque.augeeducacional.com.br/MapaCoordenadoria/detEscola.do?codUnidade=607353&exibirQuadro=false
33050619;E M Capitão Fuzileiro Naval Eduardo Gomes de Oliveira;3º Distrito;Rua da Lapa - SN;Parada Morabi - Imbariê;Duque de Caxias;Rio de Janeiro;25265180;(21) 26782778;escola3.eduardogomes@smeduquedecaxias.rj.gov.br;JARDEL RABELO DE ALMEIDA;06/07/1984;607406;607262;https://duque.augeeducacional.com.br/MapaCoordenadoria/detEscola.do?codUnidade=607406&exibirQuadro=false
33049084;E M Carlota Machado;1º Distrito;Rua Manuel Vieira - S/N;Centenário;Duque de Caxias;Rio de Janeiro;25020120;(21) 37777241;escola1.carlotamachado@smeduquedecaxias.rj.gov.br;CAMILA SAINT MARTIN DE OLIVEIRA;06/07/1984;607296;607263;https://duque.augeeducacional.com.br/MapaCoordenadoria/detEscola.do?codUnidade=607296&exibirQuadro=false
33050899;E M Castro Alves;4º Distrito;Rua Maurícia - SN;Jardim Olimpo;Duque de Caxias;Rio de Janeiro;25255350;(21) 36539685;escola4.castroalves@smeduquedecaxias.rj.gov.br;FABIA CELI DUARTE DO NASCIMENTO;06/07/1984;607435;607260;https://duque.augeeducacional.com.br/MapaCoordenadoria/detEscola.do?codUnidade=607435&exibirQuadro=false
33177783;E M Cidade dos Meninos;2º Distrito;Rua São Luiz - 21;Pilar;Duque de Caxias;Rio de Janeiro;25235150;;escola2.pilar@smeduquedecaxias.rj.gov.br;RITA DE CASSIA DA COSTA MIGUEL;05/01/2016;607354;607261;https://duque.augeeducacional.com.br/MapaCoordenadoria/detEscola.do?codUnidade=607354&exibirQuadro=false
33146829;E M Cora Coralina;1º Distrito;Avenida Darcy Vargas - 21;Gramacho;Duque de Caxias;Rio de Janeiro;25035250;(21) 36663075;escola1.cora@smeduquedecaxias.rj.gov.br;JOAO PEDRO EDUARDO DO NASCIMENTO;12/05/2004;607297;607263;https://duque.augeeducacional.com.br/MapaCoordenadoria/detEscola.do?codUnidade=607297&exibirQuadro=false
33050902;E M Coração de Jesus;4º Distrito;Estrada São Lourenço - S/N;Mantiquira;Duque de Caxias;Rio de Janeiro;25243150;(21) 990598791;escola4.coracaodejesus@smeduquedecaxias.rj.gov.br;GISELLE CRISTINE DA SILVA MENDES BITTENCOURT;17/10/1969;607436;607260;https://duque.augeeducacional.com.br/MapaCoordenadoria/detEscola.do?codUnidade=607436&exibirQuadro=false
33050104;E M Coronel Eliseu;2º Distrito;Rua Antônio Gonçalves Martins - SN;Parque Comercial;Duque de Caxias;Rio de Janeiro;25041700;(21) 27594890;escola2.eliseu@smeduquedecaxias.rj.gov.br;VANIA LUCIA DOS SANTOS DE AVIZ;06/07/1984;607355;607261;https://duque.augeeducacional.com.br/MapaCoordenadoria/detEscola.do?codUnidade=607355&exibirQuadro=false
33126879;E M Darcy Ribeiro;1º Distrito;Rua Paulo Moreno - 662;Lagunas e Dourados;Duque de Caxias;Rio de Janeiro;25011350;(21) 36511368;escola1.darcyribeiro@smeduquedecaxias.rj.gov.br;ALESSANDRA CRISTINE CEZAR SEGURA;07/04/1999;607298;607263;https://duque.augeeducacional.com.br/MapaCoordenadoria/detEscola.do?codUnidade=607298&exibirQuadro=false
33049092;E M Darcy Vargas;1º Distrito;Rua Dr. João Clementino - 817;Vila Leopoldina;Duque de Caxias;Rio de Janeiro;25036120;(21) 977043958;escola1.darcyvargas@smeduquedecaxias.rj.gov.br;LUCIANA ALEIXO DA SILVA;06/07/1984;607299;607263;https://duque.augeeducacional.com.br/MapaCoordenadoria/detEscola.do?codUnidade=607299&exibirQuadro=false
33135240;E M Dr Ely Combat;4º Distrito;Rua Rio Grande do Sul - 17;XERÉM;Duque de Caxias;Rio de Janeiro;25250080;(21) 339002701;escola4.elycombat@smeduquedecaxias.rj.gov.br;LUCIEN VIVIANE SAMPAIO DINIZ;27/01/2000;607437;607260;https://duque.augeeducacional.com.br/MapaCoordenadoria/detEscola.do?codUnidade=607437&exibirQuadro=false
33049114;E M Dr Gastão Reis;1º Distrito;Rua Petrópolis - 405;Corte Oito;Duque de Caxias;Rio de Janeiro;25030060;(21) 965601031;escola1.gastaoreis@smeduquedecaxias.rj.gov.br;ALESSANDRA DE FATIMA BOAVENTURA MAIDANA;06/07/1984;607300;607263;https://duque.augeeducacional.com.br/MapaCoordenadoria/detEscola.do?codUnidade=607300&exibirQuadro=false
33050112;E M Dr Manoel Reis;2º Distrito;Rua das Tamarindas - S/N;Campos Elíseos;Duque de Caxias;Rio de Janeiro;25225000;(21) 979712622;escola2.manoelreis@smeduquedecaxias.rj.gov.br;SILVIA TOSTA SUZANO;06/07/1984;607356;607261;https://duque.augeeducacional.com.br/MapaCoordenadoria/detEscola.do?codUnidade=607356&exibirQuadro=false
33146837;E M Dr Ricardo Augusto de Azeredo Vianna;1º Distrito;Avenida Deputado Almeida Franco - 1;Olavo Bilac;Duque de Caxias;Rio de Janeiro;25025350;(21) 27834852;escola1.ricardoaugusto@smeduquedecaxias.rj.gov.br;ANA PAULA DA SILVA LAGE;06/07/2004;607301;607263;https://duque.augeeducacional.com.br/MapaCoordenadoria/detEscola.do?codUnidade=607301&exibirQuadro=false
33158517;E M Drª Zilda Arns Neumann;2º Distrito;Rua General San Martin - 42;Saracuruna;Duque de Caxias;Rio de Janeiro;25049670;(21) 996456012;escola2.zildaarns@smeduquedecaxias.rj.gov.br;ALDERALICE SAMPAIO DE OLIVEIRA DE JESUS;26/02/2010;607357;607261;https://duque.augeeducacional.com.br/MapaCoordenadoria/detEscola.do?codUnidade=607357&exibirQuadro=false
33050910;E M Embaixador Oswaldo Aranha;4º Distrito;Rua João Aires - SN;Parque Xerém;Duque de Caxias;Rio de Janeiro;25245640;(21) 977434320;escola4.oswaldoaranha@smeduquedecaxias.rj.gov.br;JANETE PEREIRA FERRAZ;04/08/1993;607438;607260;https://duque.augeeducacional.com.br/MapaCoordenadoria/detEscola.do?codUnidade=607438&exibirQuadro=false
33050120;E M Eulina Pinto de Barros;2º Distrito;Estrada do Calundu - S/N;Parque Nossa Senhora do Carmo;Duque de Caxias;Rio de Janeiro;25040610;(21) 27813461;escola2.eulinapinto@smeduquedecaxias.rj.gov.br;ALBA VALERIA DE OLIVEIRA FARIA;06/07/1984;607358;607261;https://duque.augeeducacional.com.br/MapaCoordenadoria/detEscola.do?codUnidade=607358&exibirQuadro=false
33049149;E M Expedicionário Aquino de Araújo;1º Distrito;Rua Gal. Manoel Rabelo - 593;Vila São Luis;Duque de Caxias;Rio de Janeiro;25065050;(21) 27715591;escola1.aquinoaraujo@smeduquedecaxias.rj.gov.br;JAQUELINE PACHECO OLIMPIO;01/01/1980;607302;607263;https://duque.augeeducacional.com.br/MapaCoordenadoria/detEscola.do?codUnidade=607302&exibirQuadro=false
33099065;E M Francisco Barboza Leite;3º Distrito;Rua 2 - S/N;Santa Lúcia;Duque de Caxias;Rio de Janeiro;25271685;(21) 36503996;escola3.barbozaleite@smeduquedecaxias.rj.gov.br;CAMILE AMELIA MOREIRA;29/07/1997;607408;607262;https://duque.augeeducacional.com.br/MapaCoordenadoria/detEscola.do?codUnidade=607408&exibirQuadro=false
33202346;E M Francisco Oswaldo Neves Dornelles;2º Distrito;Rua Maturim - s/n;Campos Elíseos;Duque de Caxias;Rio de Janeiro;25225665;(21) 994385072;escola2.franciscodornelles@smeduquedecaxias.rj.gov.br;ANA CRISTINA DA SILVA DE JESUS;28/06/2024;607909;607261;https://duque.augeeducacional.com.br/MapaCoordenadoria/detEscola.do?codUnidade=607909&exibirQuadro=false
33050635;E M General Mourão Filho;3º Distrito;Rua Violeta - S/N;Jardim Anhangá;Duque de Caxias;Rio de Janeiro;25268420;;escola3.mouraofilho@smeduquedecaxias.rj.gov.br;ROSILANI MACEDO DE AZEVEDO;06/07/1984;607409;607262;https://duque.augeeducacional.com.br/MapaCoordenadoria/detEscola.do?codUnidade=607409&exibirQuadro=false
33049157;E M General Sampaio;1º Distrito;Avenida Perimetral Doutor Juscelino Kubitschek de Oliveira - 3374;Doutor Laureano;Duque de Caxias;Rio de Janeiro;25060200;(21) 982663174;escola1.sampaio@smeduquedecaxias.rj.gov.br;HIOLINA PEREIRA MENDES VELOSO;06/07/1984;607303;607263;https://duque.augeeducacional.com.br/MapaCoordenadoria/detEscola.do?codUnidade=607303&exibirQuadro=false
33050082;E M Governador Mario Covas Junior;2º Distrito;Rua Maciel Monteiro - 246;Saracuruna;Duque de Caxias;Rio de Janeiro;25220460;;escola2.mariocovas@smeduquedecaxias.rj.gov.br;CINTIA CECI REZENDE NICOLAU;26/03/2001;607359;607261;https://duque.augeeducacional.com.br/MapaCoordenadoria/detEscola.do?codUnidade=607359&exibirQuadro=false
33049165;E M Helena Aguiar de Medeiros;1º Distrito;Rua Cel. Alberto de Mello - S/N;Centenário;Duque de Caxias;Rio de Janeiro;25030150;(21) 971818709;escola1.helenaaguiar@smeduquedecaxias.rj.gov.br;RACHEL CRISTINA TÁVORA NEVES CAJAZEIRA;10/05/1983;607304;607263;https://duque.augeeducacional.com.br/MapaCoordenadoria/detEscola.do?codUnidade=607304&exibirQuadro=false
33049173;E M Hermínia Caldas da Silva;1º Distrito;Rua Otávio Áscoli - S/N;Vila Centenário;Duque de Caxias;Rio de Janeiro;25030040;(21) 992967907;escola1.herminiacaldas@smeduquedecaxias.rj.gov.br;MARIA ISABEL SANTOS DE JESUS;17/07/1991;607305;607263;https://duque.augeeducacional.com.br/MapaCoordenadoria/detEscola.do?codUnidade=607305&exibirQuadro=false
33050139;E M Imaculada Conceição;2º Distrito;Alameda Paula Liliane - S/N;Figueira;Duque de Caxias;Rio de Janeiro;25230570;(21) 974898525;escola2.imaculada@smeduquedecaxias.rj.gov.br;EDILEA CRUZ CORREIA DOS ANJOS;03/09/1969;607360;607261;https://duque.augeeducacional.com.br/MapaCoordenadoria/detEscola.do?codUnidade=607360&exibirQuadro=false
33050180;E M Intercultural México - Profªª Nilcelina dos Santos Ferreira;2º Distrito;Rua dos Serrados - S/N;Santa Cruz da Serra;Duque de Caxias;Rio de Janeiro;25251070;(21) 27775321;escola2.nilcelina@smeduquedecaxias.rj.gov.br;SUZANA OLIVEIRA DE JESUS;06/07/1984;607361;607261;https://duque.augeeducacional.com.br/MapaCoordenadoria/detEscola.do?codUnidade=607361&exibirQuadro=false
33197997;E M Itamar Franco;1º Distrito;Rua Dezenove - s/nº;Parque das Missões;Duque de Caxias;Rio de Janeiro;25086570;;escola1.itamarfranco@smeduquedecaxias.rj.gov.br;LILIANE DA SILVA OLIVEIRA VIEIRA;14/09/2023;607510;607263;https://duque.augeeducacional.com.br/MapaCoordenadoria/detEscola.do?codUnidade=607510&exibirQuadro=false
33050643;E M Jardim Anhangá;3º Distrito;Rua M - SN;Jardim Anhangá;Duque de Caxias;Rio de Janeiro;25264510;(21) 36509628;escola3.jdanhanga@smeduquedecaxias.rj.gov.br;ADRIANA PEREIRA DA SILVA;11/09/1987;607410;607262;https://duque.augeeducacional.com.br/MapaCoordenadoria/detEscola.do?codUnidade=607410&exibirQuadro=false
33049181;E M Jardim Gramacho;1º Distrito;Rua Condeúba - S/N;Jardim Gramacho;Duque de Caxias;Rio de Janeiro;25055040;(21) 26761800;escola1.jdgramacho@smeduquedecaxias.rj.gov.br;JAQUELINE DOS SANTOS VICENTE;04/08/1993;607306;607263;https://duque.augeeducacional.com.br/MapaCoordenadoria/detEscola.do?codUnidade=607306&exibirQuadro=false
33050147;E M Jayme Fichman;2º Distrito;Av. Uruguaiana - S/N;Saracuruna;Duque de Caxias;Rio de Janeiro;25212440;(21) 40403811;escola2.jaymefichman@smeduquedecaxias.rj.gov.br;MAXSUEL QUENIL PIMENTEL RODRIGUES;06/07/1984;607362;607261;https://duque.augeeducacional.com.br/MapaCoordenadoria/detEscola.do?codUnidade=607362&exibirQuadro=false
33049190;E M Joaquim da Silva Peçanha;1º Distrito;Rua Felisberto Freitas - S/N;Parque Beira Mar;Duque de Caxias;Rio de Janeiro;25085480;(21) 26998123;escola1.joaquimp@smeduquedecaxias.rj.gov.br;VANISE DE CASSIA DE ARAUJO DUTRA GOMES;06/07/1984;607307;607263;https://duque.augeeducacional.com.br/MapaCoordenadoria/detEscola.do?codUnidade=607307&exibirQuadro=false
33050155;E M Jornalista Moacyr Padilha;2º Distrito;Rua Visconde de Itaboraí - S/N;Vila Maria Helena;Duque de Caxias;Rio de Janeiro;25251560;;escola2.moacyrpadilha@smeduquedecaxias.rj.gov.br;ROSANGELA CORREA BERMUTE;06/07/1984;607363;607261;https://duque.augeeducacional.com.br/MapaCoordenadoria/detEscola.do?codUnidade=607363&exibirQuadro=false
33139784;E M Joséé Camilo dos Santos;2º Distrito;Av. Presidente Kennedy - S/N;Vila Rosário;Duque de Caxias;Rio de Janeiro;25045030;(21) 994463933;escola2.josecamilo@smeduquedecaxias.rj.gov.br;BARBARA CONCEIÇÃO SANTIAGO ROSA MATTOS;02/04/2001;607364;607261;https://duque.augeeducacional.com.br/MapaCoordenadoria/detEscola.do?codUnidade=607364&exibirQuadro=false
33153582;E M Joséé Medeiros Cabral;1º Distrito;Rua Avaré - QD 112;Jardim Gramacho;Duque de Caxias;Rio de Janeiro;25056310;(21) 26735460;escola1.jmedeiros@smeduquedecaxias.rj.gov.br;DANYELLE CRISTINA DIAS FREITAS;02/03/2006;607308;607263;https://duque.augeeducacional.com.br/MapaCoordenadoria/detEscola.do?codUnidade=607308&exibirQuadro=false
33146845;E M Laurentina Cardoso Duarte;1º Distrito;Rua Alberto de Oliveira - S/N;Parque Beira Mar;Duque de Caxias;Rio de Janeiro;25085261;(21) 26523309;escola1.laurentinaduarte@smeduquedecaxias.rj.gov.br;ANDREA BERG TEIXEIRA;22/03/2004;607309;607263;https://duque.augeeducacional.com.br/MapaCoordenadoria/detEscola.do?codUnidade=607309&exibirQuadro=false
33050929;E M Leni Fernandes do Nascimento;4º Distrito;Rua Silvio Caldas - S/N;Chapéu do Sol - Xerem;Duque de Caxias;Rio de Janeiro;25245790;(21) 37773854;escola4.lenifernandes@smeduquedecaxias.rj.gov.br;MARCIA ZAMPAROLE DE OLIVEIRA;06/07/1984;607439;607260;https://duque.augeeducacional.com.br/MapaCoordenadoria/detEscola.do?codUnidade=607439&exibirQuadro=false
33049220;E M Lions;1º Distrito;Avenida Perimetral Presidente Tancredo Neves - 1067;Vila Itamarati;Duque de Caxias;Rio de Janeiro;25070096;(21) 959464814;escola1.lions@smeduquedecaxias.rj.gov.br;ROBERTO SOUZA DE MENEZES;06/07/1984;607310;607263;https://duque.augeeducacional.com.br/MapaCoordenadoria/detEscola.do?codUnidade=607310&exibirQuadro=false
33050651;E M Luiz Gama Borges;3º Distrito;Rua Malherbe - SN;Parque Paulista;Duque de Caxias;Rio de Janeiro;25261440;(21) 26750297;escola3.luizgamaborges@smeduquedecaxias.rj.gov.br;FELYPE LOPES BASTOS;21/07/1988;607411;607262;https://duque.augeeducacional.com.br/MapaCoordenadoria/detEscola.do?codUnidade=607411&exibirQuadro=false
33050163;E M Marcílio Dias;2º Distrito;Rua C - S/N;Parque Independência - Saracuruna;Duque de Caxias;Rio de Janeiro;25211300;(21) 40043303;escola2.marciliodias@smeduquedecaxias.rj.gov.br;DOMINIQUE HAMMERS BARROS DE AMORIM;06/07/1984;607365;607261;https://duque.augeeducacional.com.br/MapaCoordenadoria/detEscola.do?codUnidade=607365&exibirQuadro=false
33050660;E M Marechal Floriano Peixoto;3º Distrito;Rua Lúcia Helena Faccini - 08;Vila Araci;Duque de Caxias;Rio de Janeiro;25272540;(21) 976966527;escola3.florianopeixoto@smeduquedecaxias.rj.gov.br;SIMONE MARTELLETO FELIPE DE SOUZA;06/07/1984;607412;607262;https://duque.augeeducacional.com.br/MapaCoordenadoria/detEscola.do?codUnidade=607412&exibirQuadro=false
33049246;E M Marechal Mallet;1º Distrito;Rua Dr. Carlos Esteves - S/N;Vila Guanabara;Duque de Caxias;Rio de Janeiro;25065005;(21) 27823623;escola1.mallet@smeduquedecaxias.rj.gov.br;CLAUDETE DE SOUZA RAMOS;20/12/1978;607311;607263;https://duque.augeeducacional.com.br/MapaCoordenadoria/detEscola.do?codUnidade=607311&exibirQuadro=false
33146861;E M Maria Clara Machado;2º Distrito;Av. Gomes Freire - 420;Pantanal;Duque de Caxias;Rio de Janeiro;25040160;;escola2.mclaramachado@smeduquedecaxias.rj.gov.br;OSMAR MENEZES DA SILVA;07/04/2004;607366;607261;https://duque.augeeducacional.com.br/MapaCoordenadoria/detEscola.do?codUnidade=607366&exibirQuadro=false
33050171;E M Marilândia;2º Distrito;Rua Maranhão - 90;Campos Elíseos;Duque de Caxias;Rio de Janeiro;25225590;(21) 985588442;escola2.marilandia@smeduquedecaxias.rj.gov.br;RENATA BARBOSA IGNACIO LIMA;06/07/1984;607368;607261;https://duque.augeeducacional.com.br/MapaCoordenadoria/detEscola.do?codUnidade=607368&exibirQuadro=false
33146853;E M Mauro de Castro;1º Distrito;Rua Caramuru - 84;Jardim Gramacho;Duque de Caxias;Rio de Janeiro;25055340;(21) 36590690;escola1.maurodecastro@smeduquedecaxias.rj.gov.br;NAISE MARTINS;02/07/2003;607312;607263;https://duque.augeeducacional.com.br/MapaCoordenadoria/detEscola.do?codUnidade=607312&exibirQuadro=false
33050198;E M Minas Gerais;2º Distrito;Rua Knauber - S/N;Parque Fluminense;Duque de Caxias;Rio de Janeiro;25046560;(21) 31353088;escola2.minasgerais@smeduquedecaxias.rj.gov.br;CARLA CRISTIANE PEREIRA DO NASCIMENTO;06/07/1984;607334;607261;https://duque.augeeducacional.com.br/MapaCoordenadoria/detEscola.do?codUnidade=607334&exibirQuadro=false
33050201;E M Monteiro Lobato;2º Distrito;Rua do Rosário - 118;Campos Elíseos;Duque de Caxias;Rio de Janeiro;25225430;(21) 27760312;escola2.monteirolobato@smeduquedecaxias.rj.gov.br;JOSE LUIS GOMES PEREIRA;06/07/1984;607369;607261;https://duque.augeeducacional.com.br/MapaCoordenadoria/detEscola.do?codUnidade=607369&exibirQuadro=false
33050945;E M Montese;4º Distrito;Rua Havana - 41;Vila Canaan;Duque de Caxias;Rio de Janeiro;25255170;(21) 976008660;escola4.montese@smeduquedecaxias.rj.gov.br;TAMARA ANDRADE DE CARVALHO BITENCOURT;06/07/1984;607440;607260;https://duque.augeeducacional.com.br/MapaCoordenadoria/detEscola.do?codUnidade=607440&exibirQuadro=false
33050937;E M Márcio Fiat;3º Distrito;Rua São Cristóvão - S/N;Parada Angélica;Duque de Caxias;Rio de Janeiro;25272292;(21) 219867586;escola3.marciofiat@smeduquedecaxias.rj.gov.br;JESSICA ANDRADE CORTAT;13/01/1993;607413;607262;https://duque.augeeducacional.com.br/MapaCoordenadoria/detEscola.do?codUnidade=607413&exibirQuadro=false
33050228;E M Nossa Senhora Aparecida;2º Distrito;Rua São Paulo - S/N;São Judas Tadeu;Duque de Caxias;Rio de Janeiro;25240050;(21) 997868865;escola2.nsaparecida@smeduquedecaxias.rj.gov.br;ESTHER CARVALHO BALEIXO;06/07/1984;607370;607261;https://duque.augeeducacional.com.br/MapaCoordenadoria/detEscola.do?codUnidade=607370&exibirQuadro=false
33050236;E M Nossa Senhora do Pilar;2º Distrito;Av. Nossa Senhora do Pilar - 300;Pilar;Duque de Caxias;Rio de Janeiro;25230270;(21) 27735872;escola2.nspilar@smeduquedecaxias.rj.gov.br;ANA VITORIA DOS SANTOS SIQUEIRA BRAGA;06/07/1984;607371;607261;https://duque.augeeducacional.com.br/MapaCoordenadoria/detEscola.do?codUnidade=607371&exibirQuadro=false
33050678;E M Nova Campinas;3º Distrito;Rua 12 - S/N;Nova Campinas;Duque de Caxias;Rio de Janeiro;25271020;(21) 970616097;escola3.novacampinas@smeduquedecaxias.rj.gov.br;PAULO JOSE ASSUMPÇAO DOS SANTOS;03/01/1992;607414;607262;https://duque.augeeducacional.com.br/MapaCoordenadoria/detEscola.do?codUnidade=607414&exibirQuadro=false
33050244;E M Nísia Vilela Fernandes;2º Distrito;Avenida Governador Leonel de Moura Brizola - SN;São Bento;Duque de Caxias;Rio de Janeiro;25045002;(21) 970370502;escola2.nisiavilela@smeduquedecaxias.rj.gov.br;MARCIO SAMPAIO DE ANDRADE;06/07/1984;607372;607261;https://duque.augeeducacional.com.br/MapaCoordenadoria/detEscola.do?codUnidade=607372&exibirQuadro=false
33196265;E M Olinda Bonturi Bolsonaro;2º Distrito;Avenida Nelson Mauro - 159;Jardim Santa Rita;Duque de Caxias;Rio de Janeiro;25212060;(21) 976420588;escola2.olindabolsonaro@smeduquedecaxias.rj.gov.br;KAREN GUIMARAES DA SILVA;28/06/2022;607373;607261;https://duque.augeeducacional.com.br/MapaCoordenadoria/detEscola.do?codUnidade=607373&exibirQuadro=false
33050953;E M Parque Capivari;4º Distrito;Av. Marquês de Barbacena - SN;Parque Capivari;Duque de Caxias;Rio de Janeiro;25245230;(21) 26763539;escola4.pqcapivari@smeduquedecaxias.rj.gov.br;VALERIA VIEIRA ALVES;06/07/1984;607441;607260;https://duque.augeeducacional.com.br/MapaCoordenadoria/detEscola.do?codUnidade=607441&exibirQuadro=false
33195668;E M Pastor Ernani Batista de Lima;4º Distrito;Rua Antônio Guedes - 1999;Santo Antônio - Xerém;Duque de Caxias;Rio de Janeiro;25250550;(21) 977140932;escola4.ernanilima@smeduquedecaxias.rj.gov.br;MARIA JULIA DE OLIVEIRA DE ALMEIDA;09/12/2022;607442;607260;https://duque.augeeducacional.com.br/MapaCoordenadoria/detEscola.do?codUnidade=607442&exibirQuadro=false
33135266;E M Paulo Roberto de Moraes Loureiro;2º Distrito;Av. Governador Leonel de Moura Brizola - 9422;São Bento;Duque de Caxias;Rio de Janeiro;25045030;(21) 31350924;escola2.pauloroberto@smeduquedecaxias.rj.gov.br;ANDREIA SOARES DA SILVA;28/03/2001;607374;607261;https://duque.augeeducacional.com.br/MapaCoordenadoria/detEscola.do?codUnidade=607374&exibirQuadro=false
33112770;E M Paulo Rodrigues Pereira;3º Distrito;Rua Voltaire - SN;IMBARIÊ;Duque de Caxias;Rio de Janeiro;25275300;;escola3.paulorodrigues@smeduquedecaxias.rj.gov.br;ISALINA COSTA PEREIRA;21/03/1998;607415;607262;https://duque.augeeducacional.com.br/MapaCoordenadoria/detEscola.do?codUnidade=607415&exibirQuadro=false
33139776;E M Pedro Paulo da Silva;3º Distrito;Rua 20 - SN;Santa Cruz da Serra;Duque de Caxias;Rio de Janeiro;25260220;(21) 964738119;escola3.pedropaulo@smeduquedecaxias.rj.gov.br;ROSANGELA DE FARIA DA SILVA;02/04/2001;607416;607262;https://duque.augeeducacional.com.br/MapaCoordenadoria/detEscola.do?codUnidade=607416&exibirQuadro=false
33050252;E M Pedro Rodrigues do Carmo;2º Distrito;Rua Dom Pedro I - S/N;Cangulo - Saracuruna;Duque de Caxias;Rio de Janeiro;25220650;(21) 26770495;escola2.pedrorodrigues@smeduquedecaxias.rj.gov.br;IZABEL CHRISTINA DE SALES;06/07/1984;607375;607261;https://duque.augeeducacional.com.br/MapaCoordenadoria/detEscola.do?codUnidade=607375&exibirQuadro=false
33050260;E M Presidente Costa e Silva;2º Distrito;Estrada São Lourenço - 112;Capivari;Duque de Caxias;Rio de Janeiro;25243150;(21) 996587542;escola2.costaesilva@smeduquedecaxias.rj.gov.br;ANA CRISTINA DE ALMEIDA COELHO HORNERO;06/07/1984;607376;607261;https://duque.augeeducacional.com.br/MapaCoordenadoria/detEscola.do?codUnidade=607376&exibirQuadro=false
33050961;E M Presidente Vargas;4º Distrito;Estrada do Rio Paty - 5003;Fazenda São Lourenço;Duque de Caxias;Rio de Janeiro;25250000;(21) 997981340;escola4.presidentevargas@smeduquedecaxias.rj.gov.br;CLEIA MARIA SILBERNAGEL DE MOURA;06/07/1984;607443;607260;https://duque.augeeducacional.com.br/MapaCoordenadoria/detEscola.do?codUnidade=607443&exibirQuadro=false
33144125;E M Profª Alberto Ribeiro Vasconcelos;2º Distrito;Avenida Governador Leonel de Moura Brizola - 7778;São Bento;Duque de Caxias;Rio de Janeiro;25045002;(21) 26994426;escola2.albertovasconcelos@smeduquedecaxias.rj.gov.br;CARLA MARIA ALVES SIMPLICIO;23/04/2003;607377;607261;https://duque.augeeducacional.com.br/MapaCoordenadoria/detEscola.do?codUnidade=607377&exibirQuadro=false
33049270;E M Profª Jair Alves de Freitas;1º Distrito;Rua Rocha Pita - S/N;Prainha;Duque de Caxias;Rio de Janeiro;25015655;(21) 36576827;escola1.jairalves@smeduquedecaxias.rj.gov.br;JULIO CEZAR RODRIGUES REIS;06/07/1984;607314;607263;https://duque.augeeducacional.com.br/MapaCoordenadoria/detEscola.do?codUnidade=607314&exibirQuadro=false
33449236;E M Profª Joséé de Souza Herdy;1º Distrito;Rua Pereira Passos - 1000;Parque Beira Mar;Duque de Caxias;Rio de Janeiro;25085300;;escola1.joseherdy@smeduquedecaxias.rj.gov.br;LUCIANA CORREA SANTOPIETRO;08/05/2009;607315;607263;https://duque.augeeducacional.com.br/MapaCoordenadoria/detEscola.do?codUnidade=607315&exibirQuadro=false
33050279;E M Profª João Faustino de França Sobrinho;2º Distrito;Rua Gericinó - 113;Parque Eldorado - Santa Cruz da Serra;Duque de Caxias;Rio de Janeiro;25240170;(21) 36568452;escola2.joaofaustino@smeduquedecaxias.rj.gov.br;FABIO RODRIGUES MILIONI;06/07/1984;607380;607261;https://duque.augeeducacional.com.br/MapaCoordenadoria/detEscola.do?codUnidade=607380&exibirQuadro=false
33049297;E M Profª Motta Sobrinho;1º Distrito;Rua Paraná - 739;Paulicéia;Duque de Caxias;Rio de Janeiro;25071000;(21) 34916915;escola1.mottasobrinho@smeduquedecaxias.rj.gov.br;MARIA DE FATIMA BOCAFOLI ZANON;06/07/1984;607317;607263;https://duque.augeeducacional.com.br/MapaCoordenadoria/detEscola.do?codUnidade=607317&exibirQuadro=false
33144117;E M Profª Oneres Nunes Oliveira;1º Distrito;Rua Barbosa Araújo - 265;Parque Felicidade;Duque de Caxias;Rio de Janeiro;25080140;(21) 964037350;escola1.oneres@smeduquedecaxias.rj.gov.br;ALINE SILVA RAMOS;10/04/2003;607319;607263;https://duque.augeeducacional.com.br/MapaCoordenadoria/detEscola.do?codUnidade=607319&exibirQuadro=false
33112789;E M Profª Paulo Freire;2º Distrito;Rua José de Azevedo - 156;Jardim das Oliveiras - Pq. Comercial;Duque de Caxias;Rio de Janeiro;25045270;(21) 999642519;escola2.paulofreire@smeduquedecaxias.rj.gov.br;JULIA MARIA MACHADO DOS SANTOS;07/05/1998;607381;607261;https://duque.augeeducacional.com.br/MapaCoordenadoria/detEscola.do?codUnidade=607381&exibirQuadro=false
33050970;E M Profª Raul de Oliveira;4º Distrito;Travessa Mato Grosso - 60;Santa Cruz da Serra;Duque de Caxias;Rio de Janeiro;25240230;(21) 995091540;escola4.rauldeoliveira@smeduquedecaxias.rj.gov.br;MARCIA CAMPOS RIBEIRO;04/05/1977;607445;607260;https://duque.augeeducacional.com.br/MapaCoordenadoria/detEscola.do?codUnidade=607445&exibirQuadro=false
33049211;E M Profª Romeu Menezes dos Santos;1º Distrito;Rua José Luis Rodrigues Calazans - 355;Lagunas e Dourados;Duque de Caxias;Rio de Janeiro;25011320;(21) 31343729;escola1.romeumenezes@smeduquedecaxias.rj.gov.br;ANA CRISTINA FIRMINO DA CONCEIÇÃO CABRAL;06/07/1984;607320;607263;https://duque.augeeducacional.com.br/MapaCoordenadoria/detEscola.do?codUnidade=607320&exibirQuadro=false
33129088;E M Profª Vilmar Bastos Furtado;2º Distrito;Rua João Raimundo - SN;Vila Santo Antônio - Pq. Comercial;Duque de Caxias;Rio de Janeiro;25041400;(21) 983699485;escola2.vilmarbastos@smeduquedecaxias.rj.gov.br;TATIANA DA SILVA ANJOS;27/01/2000;607383;607261;https://duque.augeeducacional.com.br/MapaCoordenadoria/detEscola.do?codUnidade=607383&exibirQuadro=false
33146888;E M Profª Walter Russo de Souza;2º Distrito;Estrada Velha do Pilar - 50;Chácaras Rio-Petrópolis;Duque de Caxias;Rio de Janeiro;25230610;(21) 976225237;escola2.walterrusso@smeduquedecaxias.rj.gov.br;CLAUDIA CUNHA DE OLIVEIRA IGNACIO;10/03/2004;607384;607261;https://duque.augeeducacional.com.br/MapaCoordenadoria/detEscola.do?codUnidade=607384&exibirQuadro=false
33050864;E M Profªª Aila Saldanha do Couto;4º Distrito;Rua Ibitinga - 23/24;Igreja Velha;Duque de Caxias;Rio de Janeiro;25250310;(21) 36584294;escola4.ailasaldanha@smeduquedecaxias.rj.gov.br;RAQUEL BELLIZZI IGNEZ SANTANA;06/07/1984;607444;607260;https://duque.augeeducacional.com.br/MapaCoordenadoria/detEscola.do?codUnidade=607444&exibirQuadro=false
33146870;E M Profªª Amélia Câmara dos Santos;2º Distrito;Rua Cearense - 8;Pilar;Duque de Caxias;Rio de Janeiro;25233400;(21) 987587258;escola2.ameliacamara@smeduquedecaxias.rj.gov.br;ANDREIA MACHADO PESTANA MAIA;10/03/2004;607378;607261;https://duque.augeeducacional.com.br/MapaCoordenadoria/detEscola.do?codUnidade=607378&exibirQuadro=false
33050694;E M Profªª Carmem Correa de Carvalho Reis Braz;3º Distrito;Av. Coronel Sisson - S/N;Imbariê;Duque de Caxias;Rio de Janeiro;25266000;;escola3.carmemcorrea@smeduquedecaxias.rj.gov.br;BRUNA MEDINA MELO;27/05/1985;607417;607262;https://duque.augeeducacional.com.br/MapaCoordenadoria/detEscola.do?codUnidade=607417&exibirQuadro=false
33126860;E M Profªª Carmen Lucia Resende Alvin da Silva;3º Distrito;Rua Projetada - 3;Santa Cruz da Serra;Duque de Caxias;Rio de Janeiro;25255220;(21) 26758086;escola3.carmenlucia@smeduquedecaxias.rj.gov.br;PATRICIA PORTELA DE ASSIS;14/04/2000;607418;607262;https://duque.augeeducacional.com.br/MapaCoordenadoria/detEscola.do?codUnidade=607418&exibirQuadro=false
33158460;E M Profªª Dalva Borges da Cunha;3º Distrito;Avenida Automóvel Clube - Km 53;Taquara;Duque de Caxias;Rio de Janeiro;25070180;(21) 27876189;escola3.dalvaborges@smeduquedecaxias.rj.gov.br;REGINA CELIA ALMEIDA DOS SANTOS;01/03/2011;607419;607262;https://duque.augeeducacional.com.br/MapaCoordenadoria/detEscola.do?codUnidade=607419&exibirQuadro=false
33176914;E M Profªª Dulce Trindade Braga;3º Distrito;Avenida Hélio de Oliveira - s/nº;Jardim Anhangá;Duque de Caxias;Rio de Janeiro;25264350;(21) 26782529;escola3.dulcetrindade@smeduquedecaxias.rj.gov.br;KATIA REGINA SANTIAGO;19/04/2016;607420;607262;https://duque.augeeducacional.com.br/MapaCoordenadoria/detEscola.do?codUnidade=607420&exibirQuadro=false
33158509;E M Profªª Elisabeth Lopes Cabral;2º Distrito;Rua Maurício Maia Ramos - 00;Parque Fluminense;Duque de Caxias;Rio de Janeiro;25045110;(21) 977254649;escola2.elisabethlopes@smeduquedecaxias.rj.gov.br;ALETHEA DE SOUZA FIGUEIREDO;31/08/2010;607379;607261;https://duque.augeeducacional.com.br/MapaCoordenadoria/detEscola.do?codUnidade=607379&exibirQuadro=false
33049289;E M Profªª Hilda do Carmo Siqueira;1º Distrito;Rua Campos - 55;Bar dos Cavaleiros;Duque de Caxias;Rio de Janeiro;25015420;(21) 964381109;escola1.hildadocarmo@smeduquedecaxias.rj.gov.br;GRACIANA SERAFIM;06/07/1984;607313;607263;https://duque.augeeducacional.com.br/MapaCoordenadoria/detEscola.do?codUnidade=607313&exibirQuadro=false
33144109;E M Profªª Maria Joséé de Oliveira;1º Distrito;Avenida Henrique Valadares - 2316;Parque Lafaiete;Duque de Caxias;Rio de Janeiro;25010030;(21) 27826103;escola1.mjoliveira@smeduquedecaxias.rj.gov.br;ANGELICA FAGUNDES DE OLIVEIRA;28/02/2003;607316;607263;https://duque.augeeducacional.com.br/MapaCoordenadoria/detEscola.do?codUnidade=607316&exibirQuadro=false
33153612;E M Profªª Maria das Graças Cardoso Bighi;2º Distrito;Rua Barão do Rio Branco - SN;Saracuruna;Duque de Caxias;Rio de Janeiro;25212665;(21) 27763314;escola2.mariadasgracas@smeduquedecaxias.rj.gov.br;VALESCA ABDON DANTAS;02/03/2006;607367;607261;https://duque.augeeducacional.com.br/MapaCoordenadoria/detEscola.do?codUnidade=607367&exibirQuadro=false
33049300;E M Profªª Olga Teixeira de Oliveira;1º Distrito;Rua MAria Luiza Reis - 155;Engenho do Porto;Duque de Caxias;Rio de Janeiro;25015045;(21) 26528422;escola1.olgateixeira@smeduquedecaxias.rj.gov.br;JOSE ANDRE ALVES DE CASTRO;23/10/1990;607318;607263;https://duque.augeeducacional.com.br/MapaCoordenadoria/detEscola.do?codUnidade=607318&exibirQuadro=false
33139768;E M Profªª Sônia Regina Scudese Dessemone Pinto;2º Distrito;Rua Visconde de Inhaúma - SN;Pilar;Duque de Caxias;Rio de Janeiro;25230180;;escola2.soniascudese@smeduquedecaxias.rj.gov.br;MARIA ALESSANDRA BATISTA TARGINO;02/04/2001;607382;607261;https://duque.augeeducacional.com.br/MapaCoordenadoria/detEscola.do?codUnidade=607382&exibirQuadro=false
33049319;E M Profªª Zilla Junger da Silva;1º Distrito;Avenida Winston Churchill - 434;Senhor do Bonfim;Duque de Caxias;Rio de Janeiro;25025230;(21) 26735100;escola1.zillajunger@smeduquedecaxias.rj.gov.br;HELENA SILVA VIANA;06/07/1984;607321;607263;https://duque.augeeducacional.com.br/MapaCoordenadoria/detEscola.do?codUnidade=607321&exibirQuadro=false
33049130;E M Regina Celi da Silva Cerdeira;2º Distrito;Avenida Perimetral Primavera - 10;Jardim Primavera;Duque de Caxias;Rio de Janeiro;25215255;(21) 977380286;escola2.reginaceli@smeduquedecaxias.rj.gov.br;MARIO JUNIOR DA SILVA MARTINS;20/03/1990;607385;607261;https://duque.augeeducacional.com.br/MapaCoordenadoria/detEscola.do?codUnidade=607385&exibirQuadro=false
33050708;E M Roberto Weguellin de Abreu;3º Distrito;Rua M - 179;Imbariê;Duque de Caxias;Rio de Janeiro;25271540;(21) 27755409;escola3.weguelin@smeduquedecaxias.rj.gov.br;ROBSON RODRIGUES DE CARVALHO;07/12/1990;607421;607262;https://duque.augeeducacional.com.br/MapaCoordenadoria/detEscola.do?codUnidade=607421&exibirQuadro=false
33050716;E M Rotary;3º Distrito;Rua Alagoas - 12;Santa Cruz da Serra;Duque de Caxias;Rio de Janeiro;25255070;(21) 40400278;escola3.rotary@smeduquedecaxias.rj.gov.br;ANA ALICE FIDELIS DE OLIVEIRA;06/07/1984;607422;607262;https://duque.augeeducacional.com.br/MapaCoordenadoria/detEscola.do?codUnidade=607422&exibirQuadro=false
33049327;E M Ruy Barbosa;1º Distrito;Avenida Rio Branco - 20;Gramacho;Duque de Caxias;Rio de Janeiro;25035245;(21) 36581760;escola1.ruybarbosa@smeduquedecaxias.rj.gov.br;GEFFERSON MENDES FARIA;20/03/1990;607322;607263;https://duque.augeeducacional.com.br/MapaCoordenadoria/detEscola.do?codUnidade=607322&exibirQuadro=false
33050686;E M Santa Luzia;3º Distrito;Rua Nossa Senhora da Glória - S/N;Parque A Equitativa;Duque de Caxias;Rio de Janeiro;25260380;(21) 976364179;escola3.santaluzia@smeduquedecaxias.rj.gov.br;ADRIANA DE CASSIA AVELAR DE SOUZA;06/07/1984;607423;607262;https://duque.augeeducacional.com.br/MapaCoordenadoria/detEscola.do?codUnidade=607423&exibirQuadro=false
33050996;E M Santa Rita;4º Distrito;Rua Márcio Santos Silva - s/nº;Mantiquira;Duque de Caxias;Rio de Janeiro;25250410;(21) 26795309;escola4.santarita@smeduquedecaxias.rj.gov.br;ELIANI BASILIO DA COSTA;10/11/1988;607446;607260;https://duque.augeeducacional.com.br/MapaCoordenadoria/detEscola.do?codUnidade=607446&exibirQuadro=false
33049254;E M Santa Terezinha;1º Distrito;Rua David de Oliveira - S/N;Parque Lafaiete;Duque de Caxias;Rio de Janeiro;25015210;(21) 39002489;escola1.stterezinha@smeduquedecaxias.rj.gov.br;CARLA DOS SANTOS;06/07/1984;607323;607263;https://duque.augeeducacional.com.br/MapaCoordenadoria/detEscola.do?codUnidade=607323&exibirQuadro=false
33051003;E M Santo Agostinho;4º Distrito;Rua Jair Gomes Jardim - S/N;Mantiquira;Duque de Caxias;Rio de Janeiro;25250572;(21) 37773551;escola4.stagostinho@smeduquedecaxias.rj.gov.br;GABRIELA BILHEIRO ALVES;06/07/1984;607447;607260;https://duque.augeeducacional.com.br/MapaCoordenadoria/detEscola.do?codUnidade=607447&exibirQuadro=false
33051011;E M Santo Amaro;4º Distrito;RUA ANTÔNIO GUEDES - 1999;SANTO ANTÔNIO;Duque de Caxias;Rio de Janeiro;25253550;(21) 977140932;escola4.stamaro@smeduquedecaxias.rj.gov.br;LETICIA FERRAREZ AMORIM DE OLIVEIRA;06/07/1984;607448;607260;https://duque.augeeducacional.com.br/MapaCoordenadoria/detEscola.do?codUnidade=607448&exibirQuadro=false
33051020;E M Santo Izidro;4º Distrito;Estrada do Cantão - 24;Parque Eldorado;Duque de Caxias;Rio de Janeiro;25240517;;escola4.stizidro@smeduquedecaxias.rj.gov.br;DEBORA SANTOS FONTES;06/07/1984;607449;607260;https://duque.augeeducacional.com.br/MapaCoordenadoria/detEscola.do?codUnidade=607449&exibirQuadro=false
33050988;E M Sargento João Délio dos Santos;4º Distrito;Avenida Brasil - 560;Fazenda Piranema;Duque de Caxias;Rio de Janeiro;25250200;(21) 27649039;escola4.joaodelio@smeduquedecaxias.rj.gov.br;CRISTINA ALVES DE SOUZA;22/09/1978;607450;607260;https://duque.augeeducacional.com.br/MapaCoordenadoria/detEscola.do?codUnidade=607450&exibirQuadro=false
33050724;E M Senador Afonso Arinos;3º Distrito;Avenida A - SN;Nova Campinas;Duque de Caxias;Rio de Janeiro;25268010;(21) 39000825;escola3.afonsoarinos@smeduquedecaxias.rj.gov.br;LUZIA DE SOUZA SILVA;25/05/1992;607424;607262;https://duque.augeeducacional.com.br/MapaCoordenadoria/detEscola.do?codUnidade=607424&exibirQuadro=false
33202354;E M Senor Abravanel Silvio Santos;1º Distrito;Rua Jotão - s/n;Jardim Leal;Duque de Caxias;Rio de Janeiro;25035500;;esola1.silviosantos@smeduquedecaxias.rj.gov.br;RAFAEL ELLER DE ARAUJO;30/10/2024;607913;607263;https://duque.augeeducacional.com.br/MapaCoordenadoria/detEscola.do?codUnidade=607913&exibirQuadro=false
33049335;E M Sergipe;1º Distrito;Rua Laurindo Rabelo - 927;Doutor Laureano;Duque de Caxias;Rio de Janeiro;25060198;(21) 27822617;escola1.sergipe@smeduquedecaxias.rj.gov.br;SILNEIA ARAUJO DE LIMA MORAES;06/07/1984;607324;607263;https://duque.augeeducacional.com.br/MapaCoordenadoria/detEscola.do?codUnidade=607324&exibirQuadro=false
33050066;E M Sete de Setembro;2º Distrito;Rua F - S/N;Conjunto Nova Esperança - São Bento;Duque de Caxias;Rio de Janeiro;25045080;(21) 982646139;escola2.setedesetembro@smeduquedecaxias.rj.gov.br;ELIZABETH SIQUEIRA DA CUNHA;06/07/1984;607386;607261;https://duque.augeeducacional.com.br/MapaCoordenadoria/detEscola.do?codUnidade=607386&exibirQuadro=false
33050295;E M Solano Trindade;2º Distrito;Rua da Felicidade - 3;Pilar;Duque de Caxias;Rio de Janeiro;25230140;(21) 977489019;escola2.solanotrindade@smeduquedecaxias.rj.gov.br;LIVIA MELO DE SOUZA;28/12/1988;607387;607261;https://duque.augeeducacional.com.br/MapaCoordenadoria/detEscola.do?codUnidade=607387&exibirQuadro=false
33049343;E M Todos os Santos;1º Distrito;Rua Expedicionário Aquino de Araújo - S/N;Engenho do Porto;Duque de Caxias;Rio de Janeiro;25015100;(21) 36572352;escola1.todosossantos@smeduquedecaxias.rj.gov.br;NILCIDEIA FERREIRA DANTAS DA SILVA;06/07/1984;607325;607263;https://duque.augeeducacional.com.br/MapaCoordenadoria/detEscola.do?codUnidade=607325&exibirQuadro=false
33201668;E M Ulysses Silveira Guimarães;3º Distrito;Rua Almirante Cochrane - S/N;Santa Lucia - Imbariê;Duque de Caxias;Rio de Janeiro;25265232;(21) 972352360;ESCOLA3.ULYSSESGUIMARAES@SMEDUQUEDECAXIAS.RJ.GOV.BR;ANDREA BOLORINI JARA;25/06/2024;607861;607262;https://duque.augeeducacional.com.br/MapaCoordenadoria/detEscola.do?codUnidade=607861&exibirQuadro=false
33049351;E M Vila Operária;1º Distrito;Rua Badjer da Silveira - 9;Vila Operária;Duque de Caxias;Rio de Janeiro;25080520;(21) 36571563;escola1.vilaoperaria@smeduquedecaxias.rj.gov.br;SUYAN TRINDADE MACHADO;06/07/1984;607326;607263;https://duque.augeeducacional.com.br/MapaCoordenadoria/detEscola.do?codUnidade=607326&exibirQuadro=false
33049360;E M Vinte e um de Abril;1º Distrito;Rua Vinte e Um de Abril - 250;Vila São Luiz;Duque de Caxias;Rio de Janeiro;25065155;(21) 26716680;escola1.21deabril@smeduquedecaxias.rj.gov.br;CRISTIANE BARRETO DE CARVALHO;06/07/1984;607327;607263;https://duque.augeeducacional.com.br/MapaCoordenadoria/detEscola.do?codUnidade=607327&exibirQuadro=false
33049378;E M Visconde de Itaboraí;1º Distrito;Avenida Nilo Peçanha - 2279;Bar dos Cavaleiros;Duque de Caxias;Rio de Janeiro;25015001;(21) 26534143;escola1.itaborai@smeduquedecaxias.rj.gov.br;GILMARA SILVA DE ALMEIDA DE CAMPOS;06/07/1984;607328;607263;https://duque.augeeducacional.com.br/MapaCoordenadoria/detEscola.do?codUnidade=607328&exibirQuadro=false
33202613;E M Waldemar Zveiter;2º Distrito;Praça Projetada - s/n;Jardim Balneário Ana Clara;Duque de Caxias;Rio de Janeiro;25221124;;escola2.waldemarzveiter@smeduquedecaxias.rj.gov.br;FATIMA LUIZA FIDELIS CABRAL;;607912;607261;https://duque.augeeducacional.com.br/MapaCoordenadoria/detEscola.do?codUnidade=607912&exibirQuadro=false
33135223;E M Wanda Gomes Soares;2º Distrito;Av. Visconde de Itaúna - 61;Jardim Primavera;Duque de Caxias;Rio de Janeiro;25214415;(21) 39622235;escola2.wandagomes@smeduquedecaxias.rj.gov.br;LUCIANA JARDIM CASTRO;20/09/2001;607388;607261;https://duque.augeeducacional.com.br/MapaCoordenadoria/detEscola.do?codUnidade=607388&exibirQuadro=false
33153620;E M Wilson de Oliveira Simões;1º Distrito;Rua Prefeito Braulino Matos Reis - 1410;Copacabana;Duque de Caxias;Rio de Janeiro;25060440;(21) 26723450;escola1.wilsondeoliveira@smeduquedecaxias.rj.gov.br;FERNANDA MONTEIRO DE MELLO;02/03/2006;607329;607263;https://duque.augeeducacional.com.br/MapaCoordenadoria/detEscola.do?codUnidade=607329&exibirQuadro=false
33199183;E M Ziraldo Alves Pinto;3º Distrito;Avenida 31 de Março - SN;Parque Paulista;Duque de Caxias;Rio de Janeiro;25261000;(21) 965954092;escola3.ziraldo@smeduquedecaxias.rj.gov.br;FABIANA SANT ANNA DE SOUSA;06/05/2024;607855;607262;https://duque.augeeducacional.com.br/MapaCoordenadoria/detEscola.do?codUnidade=607855&exibirQuadro=false
8888;Escola de Transição;Escolas da Rede;Rua Prefeito José Carlos Lacerda- SME - 1424;Jardim Vinte e Cinco de Agosto;Duque de Caxias;Rio de Janeiro;25071120;;;;02/10/2023;607508;607494;https://duque.augeeducacional.com.br/MapaCoordenadoria/detEscola.do?codUnidade=607508&exibirQuadro=false
33048614;Pré-Escola Municipal Laura Menezes de Freitas Lima;1º Distrito;Rua Mariz e Barros - 205;Jardim Vinte e Cinco de Agosto;Duque de Caxias;Rio de Janeiro;25071051;(21) 26536465;creche1.lauramenezes@smeduquedecaxias.rj.gov.br;TATIANE CHAGAS LEMOS;11/11/1982;607283;607263;https://duque.augeeducacional.com.br/MapaCoordenadoria/detEscola.do?codUnidade=607283&exibirQuadro=false
